{
  "UUID": "cfe1e7d1-edf1-4624-a6b8-84e5661ffb12",
  "class": "com.runrev.engine.button",
  "customPropertySets": {
    "cREVGeneral": {
      "debugEntryHandler": "M,updateMyState",
      "debugParameters": "",
      "revUniqueID": "1415037827329"
    },
    "customKeys": {
      "lable": "Start Server"
    }
  },
  "properties": {
    "accelKey": "",
    "accelMods": "",
    "accelText": "",
    "altId": "0",
    "armBorder": "true",
    "armFill": "false",
    "armedIcon": "0",
    "autoArm": "false",
    "autoHilite": "true",
    "behavior": "",
    "blendLevel": "0",
    "borderWidth": "2",
    "cantSelect": "false",
    "colors": "\n\n\n\n\n\n\n",
    "default": "false",
    "disabled": "false",
    "disabledIcon": "0",
    "family": "0",
    "hiliteBorder": "true",
    "hiliteFill": "false",
    "hiliteIcon": "0",
    "hilited": "false",
    "hoverIcon": "0",
    "icon": "0",
    "id": "1010",
    "ink": "srcCopy",
    "label": "Stop Server",
    "labelWidth": "0",
    "lockLoc": "false",
    "margins": "4",
    "menuHistory": "1",
    "menuLines": "5",
    "menuMode": "",
    "menuMouseButton": "1",
    "menuName": "",
    "mnemonic": "0",
    "name": "Button",
    "opaque": "true",
    "patterns": "\n\n\n\n\n\n\n",
    "rect": "440,60,522,83",
    "shadow": "false",
    "shadowOffset": "4",
    "sharedHilite": "true",
    "showBorder": "true",
    "showFocusBorder": "true",
    "showHilite": "false",
    "showIcon": "false",
    "showName": "true",
    "style": "rectangle",
    "text": "",
    "textAlign": "center",
    "textFont": "",
    "textSize": "",
    "textStyle": "",
    "threeD": "true",
    "toolTip": "",
    "traversalOn": "false",
    "visible": "true",
    "visited": "false",
    "visitedIcon": "0"
  }
}