{"cClasses":[{"Style":"4x Round + Robin","Format":"4 of 4","Class":"Regular - 1","Short":"R1"},{"Style":"Infinity","Format":"4 of / 4","Class":"Regular 2","Short":"R2"},{"Style":"4x Round, Robin","Format":"4 of 4","Class":"Regular 3","Short":"R3"},{"Style":"8 Races","Format":"4 of 4","Class":"Veteran 1","Short":"V1"},{"Style":"2x Round Robin","Format":"4 of 4","Class":"Multibreed 1","Short":"M1"},{"Style":"2x Round Robin","Format":"4 of 4, 3 of 3","Class":"Open 1","Short":"O1"},{"Style":"2x Round Robin","Format":"4 of 4","Class":"Open 2","Short":"O2"}]}
