{"stackFileArray": {"Global_Movie_Record_Time Lapse_Menu": "controllers/Global_Movie_Record_Time Lapse_Menu.livecodescript","View|Movie|Note": "views/Movie_Note.rev","model_Movie": "models/model_Movie.livecodescript","Global_Movie_Call_Menu": "controllers/Global_Movie_Call_Menu.livecodescript","Global_Movie_Window_Menu": "controllers/Global_Movie_Window_Menu.livecodescript","View|Movie|With Text": "views/Movie_With Text.rev","Global_Movie_Record_Settings_Menu": "controllers/Global_Movie_Record_Settings_Menu.livecodescript","lib_Movie": "libraries/lib_Movie.livecodescript","View|Movie|Overlay": "views/Movie_Overlay.rev","View|Movie|Thumbnail": "views/Movie_Thumbnail.rev","Global_Movie_Record_Menu": "controllers/Global_Movie_Record_Menu.livecodescript","Global_Movie_Bookmarks_Menu": "controllers/Global_Movie_Bookmarks_Menu.livecodescript","behavior_ViewMovie": "modules/View_Movie/behaviors/behavior_ViewMovie.livecodescript","Global_Movie_Menu": "controllers/Global_Movie_Menu.livecodescript","View|Movie": "modules/View_Movie/View_Movie.livecode","View|Movie|Controller|QuickTime": "views/Movie_Controller_QuickTime.rev","View|Movie|Player": "views/Movie_Player.rev"},"Global Menus": {"Global | Movie | Window | Menu": {"mController": "stack \"/Users/BabyBlue/Desktop/git-repos/lcw_Movie/controllers/Global_Movie_Window_Menu.livecodescript\"","gMenuTable": "Fade In Video\tmenu_FadeInVideo mTarget\tstack \"Global_Movie_Window_Menu\"\tGlobal | Movie | Window | Menu\tdisabled_FadeInVideo\t\t\t\tFade In Video\nFade Out Video\tmenu_FadeOutVideo mTarget\tstack \"Global_Movie_Window_Menu\"\tGlobal | Movie | Window | Menu\tdisabled_FadeOutVideo\t\t\t\tFade Out Video\nShow Video\tmenu_ShowVideo subMenuPath, mTarget\tstack \"Global_Movie_Window_Menu\"\tGlobal | Movie | Window | Menu\t\tboolean\tsubmenu_Boolean\tshow_Video\tShow Video\n-\nWindow Rect\tmenu_WindowRect subMenuPath, mTarget\tstack \"Global_Movie_Window_Menu\"\tGlobal | Movie | Window | Menu\t\tcustom submenu\tscreen_RectChoices\tscreen_RectChoice\tWindow Rect\nSet Card Margin\tmovie_SetCardMargin subMenuPath, mTarget\tstack \"Global_Movie_Window_Menu\"\tGlobal | Movie | Window | Menu\t\tfixed\tsubmenu_Fixed[movie_SetCardMargin]\tborder_Size\tSet Card Margin\nWindow Style\tmenu_WindowStyle subMenuPath, mTarget\tstack \"Global_Movie_Window_Menu\"\tGlobal | Movie | Window | Menu\t\tfixed\tsubmenu_Fixed[menu_WindowStyle]\tbody_Style\tWindow Style\nCan Resize\tmenu_CanResize subMenuPath, mTarget\tstack \"Global_Movie_Window_Menu\"\tGlobal | Movie | Window | Menu\t\tboolean\tsubmenu_Boolean\tcan_Resize\tCan Resize\nShow Controller\tmenu_ShowController subMenuPath, mTarget\tstack \"Global_Movie_Window_Menu\"\tGlobal | Movie | Window | Menu\t\tboolean\tsubmenu_Boolean\tshow_Controller\tShow Controller\n-\nRemember Movie Position\tmenu_RememberMoviePosition mTarget\tstack \"Global_Movie_Window_Menu\"\tGlobal | Movie | Window | Menu\t\t\t\t\tRemember Movie Position\nRestore Movie Position\tmenu_RestoreMoviePosition subMenuPath, mTarget\tstack \"Global_Movie_Window_Menu\"\tGlobal | Movie | Window | Menu\t\tcustom submenu\tlayout_Names\tlayout_Name\tRestore Movie Position\nSet Movie Size\tmenu_SetMovieSize subMenuPath, mTarget\tstack \"Global_Movie_Window_Menu\"\tGlobal | Movie | Window | Menu\t\tcustom submenu\tmovie_Sizes\tmovie_Size\tSet Movie Size"},"Global | Movie | Menu": {"mController": "stack \"/Users/BabyBlue/Desktop/git-repos/lcw_Movie/controllers/Global_Movie_Menu.livecodescript\"","gMenuTable": "Test\tmenu_Test mTarget\tstack \"Global_Movie_Menu\"\tGlobal | Movie | Menu\t\t\t\t\tTest"},"Global | Movie | Record | Menu": {"mController": "stack \"/Users/BabyBlue/Desktop/git-repos/lcw_Movie/controllers/Global_Movie_Record_Menu.livecodescript\"","gMenuTable": "Initialise Recording\tmenu_InitialiseRecording mTarget\tstack \"Global_Movie_Record_Menu\"\tGlobal | Movie | Record | Menu\t\t\t\t\tInitialise Recording\nRecord Video\tmenu_RecordVideo mTarget\tstack \"Global_Movie_Record_Menu\"\tGlobal | Movie | Record | Menu\t\t\t\t\tRecord Video\nClose Recording\tmenu_CloseRecording mTarget\tstack \"Global_Movie_Record_Menu\"\tGlobal | Movie | Record | Menu\t\t\t\t\tClose Recording\n-\nPreview Video\tmenu_PreviewVideo mTarget\tstack \"Global_Movie_Record_Menu\"\tGlobal | Movie | Record | Menu\t\t\t\t\tPreview Video\nClose Preview\tmenu_ClosePreview mTarget\tstack \"Global_Movie_Record_Menu\"\tGlobal | Movie | Record | Menu\t\t\t\t\tClose Preview\n-\nSettings\t\tstack \"Global_Movie_Record_Menu\"\tGlobal | Movie | Record | Menu\t\tsubmenu\tGlobal | Movie | Record | Settings | Menu\tstack \"Global_Movie_Record_Menu\"\tSettings"},"Global | Movie | Bookmarks | Menu": {"mController": "stack \"/Users/BabyBlue/Desktop/git-repos/lcw_Movie/controllers/Global_Movie_Bookmarks_Menu.livecodescript\"","gMenuTable": "Mark In Point\tmenu_MarkInPoint mTarget\tstack \"Global_Movie_Bookmarks_Menu\"\tGlobal | Movie | Bookmarks | Menu\t\t\t\t\tMark In Point\nMark Out Point\tmenu_MarkOutPoint mTarget\tstack \"Global_Movie_Bookmarks_Menu\"\tGlobal | Movie | Bookmarks | Menu\t\t\t\t\tMark Out Point\nAdd Bookmark\tmenu_AddBookmark mTarget\tstack \"Global_Movie_Bookmarks_Menu\"\tGlobal | Movie | Bookmarks | Menu\tdisabled_AddBookmark\t\t\t\tAdd Bookmark\n-\nGo To Marker\tmenu_GoToMarker subMenuPath, mTarget\tstack \"Global_Movie_Bookmarks_Menu\"\tGlobal | Movie | Bookmarks | Menu\t\tfixed\tsubmenu_Fixed[menu_GoToMarker]\tm_Target\tGo To Marker\nDisplay Bookmark\tmenu_DisplayBookmark subMenuPath, mTarget\tstack \"Global_Movie_Bookmarks_Menu\"\tGlobal | Movie | Bookmarks | Menu\t\tcustom external\tm_Targets\tm_Target\tDisplay Bookmark\nDelete Bookmark\tmenu_DeleteBookmark subMenuPath, mTarget\tstack \"Global_Movie_Bookmarks_Menu\"\tGlobal | Movie | Bookmarks | Menu\t\tcustom external\tm_Targets\tm_Target\tDelete Bookmark"},"Global | Movie | Record | Time Lapse | Menu": {"mController": "stack \"/Users/BabyBlue/Desktop/git-repos/lcw_Movie/controllers/Global_Movie_Record_Time Lapse_Menu.livecodescript\"","gMenuTable": "Time Lapse\tmenu_TimeLapse subMenuPath, mTarget\tstack \"Global_Movie_Record_Time Lapse_Menu\"\tGlobal | Movie | Record | Time Lapse | Menu\t\tcustom external\tm_Targets\tm_Target\tTime Lapse\nTime Interval\tmenu_TimeInterval mTarget\tstack \"Global_Movie_Record_Time Lapse_Menu\"\tGlobal | Movie | Record | Time Lapse | Menu\t\t\t\t\tTime Interval\nSet Image Sequence Folder\tmenu_SetImageSequenceFolder mTarget\tstack \"Global_Movie_Record_Time Lapse_Menu\"\tGlobal | Movie | Record | Time Lapse | Menu\t\t\t\t\tSet Image Sequence Folder"},"Global | Movie | Call | Menu": {"mController": "stack \"/Users/BabyBlue/Desktop/git-repos/lcw_Movie/controllers/Global_Movie_Call_Menu.livecodescript\"","gMenuTable": "Set Call Back\tmenu_SetCallBack mTarget\tstack \"Global_Movie_Call_Menu\"\tGlobal | Movie | Call | Menu\t\t\t\t\tSet Call Back\nDisplay Call Backs\tmenu_DisplayCallBacks mTarget\tstack \"Global_Movie_Call_Menu\"\tGlobal | Movie | Call | Menu\t\t\t\t\tDisplay Call Backs\nClear Call Backs\tmenu_ClearCallBacks mTarget\tstack \"Global_Movie_Call_Menu\"\tGlobal | Movie | Call | Menu\t\t\t\t\tClear Call Backs\n-\nStore Call Backs\tmenu_StoreCallBacks mTarget\tstack \"Global_Movie_Call_Menu\"\tGlobal | Movie | Call | Menu\t\t\t\t\tStore Call Backs"},"Global | Movie | Record | Settings | Menu": {"mController": "stack \"/Users/BabyBlue/Desktop/git-repos/lcw_Movie/controllers/Global_Movie_Record_Settings_Menu.livecodescript\"","gMenuTable": "Choose Video Grabber Settings\tmenu_ChooseVideoGrabberSettings mTarget\tstack \"Global_Movie_Record_Settings_Menu\"\tGlobal | Movie | Record | Settings | Menu\t\t\t\t\tChoose Video Grabber Settings\nDelete Video Grabber Settings\tmenu_DeleteVideoGrabberSettings mTarget\tstack \"Global_Movie_Record_Settings_Menu\"\tGlobal | Movie | Record | Settings | Menu\t\t\t\t\tDelete Video Grabber Settings\nDisplay Video Grabber Settings\tmenu_DisplayVideoGrabberSettings mTarget\tstack \"Global_Movie_Record_Settings_Menu\"\tGlobal | Movie | Record | Settings | Menu\t\t\t\t\tDisplay Video Grabber Settings\nNew Video Grabber Setting\tmenu_NewVideoGrabberSetting mTarget\tstack \"Global_Movie_Record_Settings_Menu\"\tGlobal | Movie | Record | Settings | Menu\t\t\t\t\tNew Video Grabber Setting\n-\nTest Target\tmenu_TestTarget mTarget\tstack \"Global_Movie_Record_Settings_Menu\"\tGlobal | Movie | Record | Settings | Menu\t\t\t\t\tTest Target"}}}