{
  "UUID": "73d8082b-5849-4e7c-b28d-666ba429bb71",
  "class": "com.runrev.engine.button",
  "customPropertySets": {
    "cREVGeneral": {
      "revUniqueID": "1415124975099"
    },
    "customKeys": {
      "serverObject": "button id 1004 of card id 1002 of stack \"/Users/toddgeist/Desktop/lchttpd/lcHTTPd.livecode\""
    }
  },
  "properties": {
    "accelKey": "",
    "accelMods": "",
    "accelText": "",
    "altId": "0",
    "armBorder": "true",
    "armFill": "false",
    "armedIcon": "0",
    "autoArm": "false",
    "autoHilite": "true",
    "behavior": "3aa88f87-4fd4-4d9d-9c70-c964158573a1",
    "blendLevel": "0",
    "borderWidth": "2",
    "cantSelect": "false",
    "colors": "\n\n\n\n\n\n\n",
    "default": "false",
    "disabled": "false",
    "disabledIcon": "0",
    "family": "0",
    "hiliteBorder": "true",
    "hiliteFill": "false",
    "hiliteIcon": "0",
    "hilited": "false",
    "hoverIcon": "0",
    "icon": "0",
    "id": "1005",
    "ink": "srcCopy",
    "label": "",
    "labelWidth": "0",
    "lockLoc": "false",
    "margins": "4",
    "menuHistory": "1",
    "menuLines": "5",
    "menuMode": "",
    "menuMouseButton": "1",
    "menuName": "",
    "mnemonic": "0",
    "name": "MiddleWare",
    "opaque": "true",
    "patterns": "\n\n\n\n\n\n\n",
    "rect": "48,332,138,360",
    "shadow": "false",
    "shadowOffset": "4",
    "sharedHilite": "true",
    "showBorder": "true",
    "showFocusBorder": "true",
    "showHilite": "false",
    "showIcon": "false",
    "showName": "true",
    "style": "rectangle",
    "text": "",
    "textAlign": "center",
    "textFont": "",
    "textSize": "",
    "textStyle": "plain",
    "threeD": "true",
    "toolTip": "",
    "traversalOn": "false",
    "visible": "true",
    "visited": "false",
    "visitedIcon": "0"
  }
}