{
  "UUID": "d3e6305a-f3f2-4c98-b14c-5a1570cfc55d",
  "class": "com.runrev.engine.field",
  "customPropertySets": {
    "cREVGeneral": {
      "revUniqueID": "1415126069478"
    },
    "cREVTable": {
      "currentview": "MiddleWare are handlers that operate before and after the Route is matched.\n\nThis makes them great for doing things that should happen on each request. or for modifying the request, before the Route gets it.  Or modifying the Response before it is sent out.\n\nSee the script for more info"
    }
  },
  "properties": {
    "altId": "0",
    "autoHilite": "false",
    "autoTab": "false",
    "behavior": "",
    "blendLevel": "0",
    "borderWidth": "2",
    "cantSelect": "false",
    "colors": "\n\n\n\n\n\n\n",
    "cursorMovement": "default",
    "disabled": "false",
    "dontSearch": "false",
    "dontWrap": "false",
    "firstIndent": "0",
    "fixedLineHeight": "true",
    "hGrid": "false",
    "hScroll": "0",
    "hScrollbar": "false",
    "hilitedLines": "",
    "htmlText": "<p>MiddleWare are handlers that operate before and after the Route is matched.</p>\n<p></p>\n<p>This makes them great for doing things that should happen on each request. or for modifying the request, before the Route gets it.  Or modifying the Response before it is sent out.</p>\n<p></p>\n<p>See the script for more info</p>",
    "id": "1013",
    "ink": "srcCopy",
    "listBehavior": "false",
    "lockLoc": "false",
    "lockText": "true",
    "margins": "8",
    "multipleHilites": "false",
    "name": "Label Field",
    "noncontiguousHilites": "false",
    "opaque": "false",
    "patterns": "\n\n\n\n\n\n\n",
    "rect": "156,322,416,446",
    "scroll": "0",
    "scrollbarWidth": "20",
    "shadow": "false",
    "shadowOffset": "4",
    "sharedText": "true",
    "showBorder": "false",
    "showFocusBorder": "true",
    "showLines": "false",
    "style": "transparent",
    "tabAlign": "",
    "tabStops": "",
    "textAlign": "left",
    "textDirection": "auto",
    "textFont": "",
    "textHeight": "",
    "textSize": "",
    "textStyle": "plain",
    "threeD": "true",
    "threeDHilite": "false",
    "toggleHilites": "false",
    "toolTip": "",
    "traversalOn": "false",
    "vGrid": "false",
    "vScroll": "0",
    "vScrollbar": "false",
    "visible": "true"
  }
}