{
  "UUID": "3a4ab556-175a-443c-9e91-43eb9d231ca6",
  "class": "com.runrev.engine.button",
  "customPropertySets": {
    "cREVGeneral": {
      "revUniqueID": "1415125244648"
    }
  },
  "properties": {
    "accelKey": "",
    "accelMods": "",
    "accelText": "",
    "altId": "0",
    "armBorder": "true",
    "armFill": "false",
    "armedIcon": "0",
    "autoArm": "false",
    "autoHilite": "true",
    "behavior": "",
    "blendLevel": "0",
    "borderWidth": "2",
    "cantSelect": "false",
    "colors": "\n\n\n\n\n\n\n",
    "default": "false",
    "disabled": "false",
    "disabledIcon": "0",
    "family": "0",
    "hiliteBorder": "true",
    "hiliteFill": "false",
    "hiliteIcon": "0",
    "hilited": "false",
    "hoverIcon": "0",
    "icon": "0",
    "id": "1007",
    "ink": "srcCopy",
    "label": "",
    "labelWidth": "0",
    "lockLoc": "false",
    "margins": "4",
    "menuHistory": "1",
    "menuLines": "5",
    "menuMode": "",
    "menuMouseButton": "1",
    "menuName": "",
    "mnemonic": "0",
    "name": "Start Server",
    "opaque": "true",
    "patterns": "\n\n\n\n\n\n\n",
    "rect": "48,22,150,52",
    "shadow": "false",
    "shadowOffset": "4",
    "sharedHilite": "true",
    "showBorder": "true",
    "showFocusBorder": "true",
    "showHilite": "false",
    "showIcon": "false",
    "showName": "true",
    "style": "rectangle",
    "text": "",
    "textAlign": "center",
    "textFont": "",
    "textSize": "",
    "textStyle": "",
    "threeD": "true",
    "toolTip": "",
    "traversalOn": "false",
    "visible": "true",
    "visited": "false",
    "visitedIcon": "0"
  }
}