{
  "UUID": "857fce25-1439-4bd9-9689-05db688d8c36",
  "class": "com.runrev.engine.field",
  "customPropertySets": {
    "cREVGeneral": {
      "revUniqueID": "1415127780730"
    }
  },
  "properties": {
    "altId": "0",
    "autoHilite": "true",
    "autoTab": "false",
    "behavior": "",
    "blendLevel": "0",
    "borderWidth": "2",
    "cantSelect": "false",
    "colors": "\n\n\n\n\n\n\n",
    "cursorMovement": "default",
    "disabled": "false",
    "dontSearch": "false",
    "dontWrap": "false",
    "firstIndent": "0",
    "fixedLineHeight": "true",
    "hGrid": "false",
    "hScroll": "0",
    "hScrollbar": "false",
    "hilitedLines": "",
    "htmlText": "<p>sending to: 127.0.0.1&#13;</p>\n<p>POST/a/b/c/&#13;</p>\n<p>sending to: 127.0.0.1&#13;</p>\n<p>POST/a/b/c/&#13;</p>\n<p>sending to: 127.0.0.1&#13;</p>\n<p>POST/a/b/c/&#13;</p>\n<p>sending to: 127.0.0.1&#13;</p>\n<p>POST/a/b/c/&#13;</p>\n<p>sending to: 127.0.0.1&#13;</p>\n<p>POST/a/b/c/&#13;</p>\n<p>sending to: 127.0.0.1&#13;</p>\n<p>POST/a/b/c/&#13;</p>\n<p>sending to: 127.0.0.1&#13;</p>\n<p>POST/a/b/c&#13;</p>\n<p>sending to: 127.0.0.1&#13;</p>\n<p>POST/a/b/c&#13;</p>\n<p>sending to: 127.0.0.1&#13;</p>\n<p>POST/dfdfdf&#13;</p>\n<p>sending to: 127.0.0.1&#13;</p>\n<p>GET/a/b/c&#13;</p>\n<p></p>",
    "id": "1017",
    "ink": "srcCopy",
    "listBehavior": "false",
    "lockLoc": "false",
    "lockText": "false",
    "margins": "8",
    "multipleHilites": "false",
    "name": "log",
    "noncontiguousHilites": "false",
    "opaque": "true",
    "patterns": "\n\n\n\n\n\n\n",
    "rect": "458,48,802,452",
    "scroll": "0",
    "scrollbarWidth": "20",
    "shadow": "false",
    "shadowOffset": "4",
    "sharedText": "false",
    "showBorder": "true",
    "showFocusBorder": "true",
    "showLines": "false",
    "style": "rectangle",
    "tabAlign": "",
    "tabStops": "",
    "textAlign": "left",
    "textDirection": "auto",
    "textFont": "",
    "textHeight": "",
    "textSize": "",
    "textStyle": "",
    "threeD": "true",
    "threeDHilite": "false",
    "toggleHilites": "false",
    "toolTip": "",
    "traversalOn": "true",
    "vGrid": "false",
    "vScroll": "0",
    "vScrollbar": "false",
    "visible": "true"
  }
}