{
  "UUID": "7858d74e-8042-4195-aae6-754bcf9b8f3e",
  "class": "com.runrev.engine.button",
  "customPropertySets": {
    "cREVGeneral": {
      "debugEntryHandler": "M,setDefaults",
      "debugParameters": "",
      "revUniqueID": "1415035954656"
    },
    "customKeys": {
      "portToListenTo": "1337",
      "serverIsRunning": ""
    }
  },
  "properties": {
    "accelKey": "",
    "accelMods": "",
    "accelText": "",
    "altId": "0",
    "armBorder": "true",
    "armFill": "false",
    "armedIcon": "0",
    "autoArm": "false",
    "autoHilite": "true",
    "behavior": "",
    "blendLevel": "0",
    "borderWidth": "2",
    "cantSelect": "false",
    "colors": "\n\n\n\n\n\n\n",
    "default": "false",
    "disabled": "false",
    "disabledIcon": "0",
    "family": "0",
    "hiliteBorder": "true",
    "hiliteFill": "false",
    "hiliteIcon": "0",
    "hilited": "false",
    "hoverIcon": "0",
    "icon": "0",
    "id": "1004",
    "ink": "srcCopy",
    "label": "",
    "labelWidth": "0",
    "lockLoc": "false",
    "margins": "4",
    "menuHistory": "1",
    "menuLines": "5",
    "menuMode": "",
    "menuMouseButton": "1",
    "menuName": "",
    "mnemonic": "0",
    "name": "Server",
    "opaque": "true",
    "patterns": "\n\n\n\n\n\n\n",
    "rect": "90,28,180,56",
    "shadow": "false",
    "shadowOffset": "4",
    "sharedHilite": "true",
    "showBorder": "true",
    "showFocusBorder": "true",
    "showHilite": "false",
    "showIcon": "false",
    "showName": "true",
    "style": "standard",
    "text": "",
    "textAlign": "center",
    "textFont": "",
    "textSize": "",
    "textStyle": "",
    "threeD": "true",
    "toolTip": "",
    "traversalOn": "false",
    "visible": "true",
    "visited": "false",
    "visitedIcon": "0"
  }
}