{
  "UUID": "04860de8-4c0a-49bd-9a7d-811a22b944d7",
  "class": "com.runrev.engine.field",
  "customPropertySets": {
    "cREVGeneral": {
      "revUniqueID": "1415126483259"
    },
    "cREVTable": {
      "currentview": "The server will look for handlers in this button that match a Pattern.\n\nMETHOD.path.to.something.\n\nSo a GET to /path/to/something will call a handler in this button named:\n\n\"GET.path.to.something\"\n\n\nSee the script for more info"
    }
  },
  "properties": {
    "altId": "0",
    "autoHilite": "false",
    "autoTab": "false",
    "behavior": "",
    "blendLevel": "0",
    "borderWidth": "2",
    "cantSelect": "false",
    "colors": "\n\n\n\n\n\n\n",
    "cursorMovement": "default",
    "disabled": "false",
    "dontSearch": "false",
    "dontWrap": "false",
    "firstIndent": "0",
    "fixedLineHeight": "true",
    "hGrid": "false",
    "hScroll": "0",
    "hScrollbar": "false",
    "hilitedLines": "",
    "htmlText": "<p>The server will look for handlers in this button that match a Pattern.</p>\n<p></p>\n<p>METHOD.path.to.something.</p>\n<p></p>\n<p>So a GET to /path/to/something will call a handler in this button named:</p>\n<p></p>\n<p>\"GET.path.to.something\"</p>\n<p></p>\n<p></p>\n<p>See the script for more info</p>",
    "id": "1015",
    "ink": "srcCopy",
    "listBehavior": "false",
    "lockLoc": "false",
    "lockText": "true",
    "margins": "8",
    "multipleHilites": "false",
    "name": "Label Field",
    "noncontiguousHilites": "false",
    "opaque": "false",
    "patterns": "\n\n\n\n\n\n\n",
    "rect": "158,106,418,302",
    "scroll": "0",
    "scrollbarWidth": "20",
    "shadow": "false",
    "shadowOffset": "4",
    "sharedText": "true",
    "showBorder": "false",
    "showFocusBorder": "true",
    "showLines": "false",
    "style": "transparent",
    "tabAlign": "",
    "tabStops": "",
    "textAlign": "left",
    "textDirection": "auto",
    "textFont": "",
    "textHeight": "",
    "textSize": "",
    "textStyle": "",
    "threeD": "true",
    "threeDHilite": "false",
    "toggleHilites": "false",
    "toolTip": "",
    "traversalOn": "false",
    "vGrid": "false",
    "vScroll": "0",
    "vScrollbar": "false",
    "visible": "true"
  }
}