{
  "UUID": "fed343fd-c34b-4ffc-956d-f457fc0dc69b",
  "class": "com.runrev.engine.button",
  "customPropertySets": {
    "cREVGeneral": {
      "revUniqueID": "1415057200166"
    },
    "customKeys": {
      "body": {
        "test": "a"
      },
      "headers": {
        "Accept": "*/*",
        "Accept-Encoding": "gzip,deflate",
        "Accept-Language": "en-US,en;q=0.8",
        "Cache-Control": "no-cache",
        "Connection": "keep-alive",
        "Content-Length": "6",
        "Content-Type": "application/x-www-form-urlencoded",
        "DNT": "1",
        "Host": "localhost:1337",
        "Origin": "chrome-extension://fhbjgbiflinjbdggehcddcbncdddomop",
        "Postman-Token": "4a548cee-7ce7-8bd2-5b65-cb41241cab48",
        "User-Agent": "Mozilla/5.0 (Macintosh; Intel Mac OS X 10_10_0) AppleWebKit/537.36 (KHTML, like Gecko) Chrome/38.0.2125.111 Safari/537.36"
      },
      "rawBody": "test=a"
    }
  },
  "properties": {
    "accelKey": "",
    "accelMods": "",
    "accelText": "",
    "altId": "0",
    "armBorder": "true",
    "armFill": "false",
    "armedIcon": "0",
    "autoArm": "false",
    "autoHilite": "true",
    "behavior": "",
    "blendLevel": "0",
    "borderWidth": "2",
    "cantSelect": "false",
    "colors": "\n\n\n\n\n\n\n",
    "default": "false",
    "disabled": "false",
    "disabledIcon": "0",
    "family": "0",
    "hiliteBorder": "true",
    "hiliteFill": "false",
    "hiliteIcon": "0",
    "hilited": "false",
    "hoverIcon": "0",
    "icon": "0",
    "id": "1018",
    "ink": "srcCopy",
    "label": "",
    "labelWidth": "0",
    "lockLoc": "false",
    "margins": "4",
    "menuHistory": "1",
    "menuLines": "5",
    "menuMode": "",
    "menuMouseButton": "1",
    "menuName": "",
    "mnemonic": "0",
    "name": "Request",
    "opaque": "true",
    "patterns": "\n\n\n\n\n\n\n",
    "rect": "38,93,128,121",
    "shadow": "false",
    "shadowOffset": "4",
    "sharedHilite": "true",
    "showBorder": "true",
    "showFocusBorder": "true",
    "showHilite": "false",
    "showIcon": "false",
    "showName": "true",
    "style": "rectangle",
    "text": "",
    "textAlign": "center",
    "textFont": "",
    "textSize": "",
    "textStyle": "",
    "threeD": "true",
    "toolTip": "",
    "traversalOn": "false",
    "visible": "true",
    "visited": "false",
    "visitedIcon": "0"
  }
}