{"stackFileArray": {"Global_Atopia_Line_Menu": "controllers/Global_Atopia_Line_Menu.livecodescript","lib_Daemon": "libraries/lib_Daemon.livecode","lib_DaemonLog": "libraries/lib_DaemonLog.livecode","Global_DreamFactory_Menu": "controllers/Global_DreamFactory_Menu.livecodescript","lib_DaemonRouter": "libraries/lib_DaemonRouter.livecode","lib_HTML": "libraries/lib_HTML.livecode","lib_URL": "libraries/lib_URL.livecodescript","lib_Log": "libraries/lib_Log.livecode","lib_BlockServer": "libraries/lib_BlockServer.livecode","lib_RevServer": "libraries/lib_RevServer.livecode","lib_RemoteServer": "libraries/lib_RemoteServer.livecode","lib_Atopia": "libraries/lib_Atopia.livecodescript","Global_Ocean_Tree_Menu": "controllers/Global_Ocean_Tree_Menu.livecodescript","lib_Server": "libraries/lib_Server.livecode","lib_DigitalOcean": "libraries/lib_DigitalOcean.livecode","lib_DaemonUtils": "libraries/lib_DaemonUtils.livecode","Global_Ocean_Line_Menu": "controllers/Global_Ocean_Line_Menu.livecodescript","lib_CSS": "libraries/lib_CSS.livecodescript","lib_DreamFactory": "libraries/lib_DreamFactory.livecodescript","lib_HtmlTable": "libraries/lib_HtmlTable.livecode","lib_HtmlForms": "libraries/lib_HtmlForms.livecode","lib_DNS": "libraries/lib_DNS.livecodescript","lib_DaemonMiddleware": "libraries/lib_DaemonMiddleware.livecode","model_Atopia": "models/model_Atopia.livecodescript","Global_Dynadot_Menu": "controllers/Global_Dynadot_Menu.livecodescript","Global_Atopia_Tree_Menu": "controllers/Global_Atopia_Tree_Menu.livecodescript","lib_HTTP": "libraries/lib_HTTP.livecode","Global_Server_Menu": "controllers/Global_Server_Menu.livecodescript","lib_REST": "libraries/lib_REST.livecodescript","lib_Dynadot": "libraries/lib_Dynadot.livecodescript"},"Global Menus": {"Global | Atopia | Line | Menu": {"mController": "stack \"/Users/BabyBlue/Desktop/git-repos/lcw_Server/controllers/Global_Atopia_Line_Menu.livecodescript\"","gMenuTable": "Move Or Update Atopia Array\tmenu_MoveOrUpdateAtopiaArray mTarget\tstack \"Global_Atopia_Line_Menu\"\tGlobal | Atopia | Line | Menu\t\t\t\t\tMove Or Update Atopia Array\n-\nMove To Trash\tmenu_MoveToTrash mTarget\tstack \"Global_Atopia_Line_Menu\"\tGlobal | Atopia | Line | Menu\t\t\t\t\tMove To Trash\nMove To Unhosted\tmenu_MoveToUnhosted mTarget\tstack \"Global_Atopia_Line_Menu\"\tGlobal | Atopia | Line | Menu\t\t\t\t\tMove To Unhosted\n-\nDig\tmenu_Dig mTarget\tstack \"Global_Atopia_Line_Menu\"\tGlobal | Atopia | Line | Menu\t\t\t\t\tDig\nFind Author\tmenu_FindAuthor mTarget\tstack \"Global_Atopia_Line_Menu\"\tGlobal | Atopia | Line | Menu\t\t\t\t\tFind Author\nFind Owner Array\tmenu_FindOwnerArray mTarget\tstack \"Global_Atopia_Line_Menu\"\tGlobal | Atopia | Line | Menu\t\t\t\t\tFind Owner Array\nFetch Persona Array\tmenu_FetchPersonaArray mTarget\tstack \"Global_Atopia_Line_Menu\"\tGlobal | Atopia | Line | Menu\t\t\t\t\tFetch Persona Array\n-\nDisplay Wiki Pages\tmenu_DisplayWikiPages mTarget\tstack \"Global_Atopia_Line_Menu\"\tGlobal | Atopia | Line | Menu\t\t\t\t\tDisplay Wiki Pages\n-\nLs Array\tmenu_LsArray mTarget\tstack \"Global_Atopia_Line_Menu\"\tGlobal | Atopia | Line | Menu\t\t\t\t\tLs Array\nWiki Page File Array\tmenu_WikiPageFileArray mTarget\tstack \"Global_Atopia_Line_Menu\"\tGlobal | Atopia | Line | Menu\t\t\t\t\tWiki Page File Array"},"Global | Dynadot | Menu": {"mController": "stack \"/Users/BabyBlue/Desktop/git-repos/lcw_Server/controllers/Global_Dynadot_Menu.livecodescript\"","gMenuTable": "Dynadot Managed Domains\tmenu_DynadotManagedDomains mTarget\tstack \"Global_Dynadot_Menu\"\tGlobal | Dynadot | Menu\tdisabled_DynadotManagedDomains\t\t\t\tDynadot Managed Domains\nDynadot Ocean Domains\tmenu_DynadotOceanDomains mTarget\tstack \"Global_Dynadot_Menu\"\tGlobal | Dynadot | Menu\t\t\t\t\tDynadot Ocean Domains\nDynadot Parked Domains\tmenu_DynadotParkedDomains mTarget\tstack \"Global_Dynadot_Menu\"\tGlobal | Dynadot | Menu\t\t\t\t\tDynadot Parked Domains\nDynadot Domains\tmenu_DynadotDomains mTarget\tstack \"Global_Dynadot_Menu\"\tGlobal | Dynadot | Menu\t\t\t\t\tDynadot Domains\n-\nDocumentation\tmenu_Documentation subMenuPath, mTarget\tstack \"Global_Dynadot_Menu\"\tGlobal | Dynadot | Menu\t\tfixed\tsubmenu_Fixed[menu_Documentation]\twhich_Docs\tDocumentation\nDev\t\tstack \"Global_Dynadot_Menu\"\tGlobal | Dynadot | Menu\t\tsubmenu\tDev | Menu\tstack \"Global_Dynadot_Menu\"\tDev"},"Global | Atopia | Tree | Menu": {"mController": "stack \"/Users/BabyBlue/Desktop/git-repos/lcw_Server/controllers/Global_Atopia_Tree_Menu.livecodescript\"","gMenuTable": "Process New Folders\tmenu_ProcessNewFolders mTarget\tstack \"Global_Atopia_Tree_Menu\"\tGlobal | Atopia | Tree | Menu\t\t\t\t\tProcess New Folders\n-\nDisplay\t\tstack \"Global_Atopia_Tree_Menu\"\tGlobal | Atopia | Tree | Menu\t\tsubmenu\tDisplay | Menu\tstack \"Global_Atopia_Tree_Menu\"\tDisplay\nMove\t\tstack \"Global_Atopia_Tree_Menu\"\tGlobal | Atopia | Tree | Menu\t\tsubmenu\tMove | Menu\tstack \"Global_Atopia_Tree_Menu\"\tMove\nCheck\t\tstack \"Global_Atopia_Tree_Menu\"\tGlobal | Atopia | Tree | Menu\t\tsubmenu\tCheck | Menu\tstack \"Global_Atopia_Tree_Menu\"\tCheck\n-\nAtopia\t\tstack \"Global_Atopia_Tree_Menu\"\tGlobal | Atopia | Tree | Menu\t\tsubmenu\tGlobal | Server | Menu\tstack \"Global_Server_Menu\"\tAtopia\nDynadot\t\tstack \"Global_Atopia_Tree_Menu\"\tGlobal | Atopia | Tree | Menu\t\tsubmenu\tGlobal | Dynadot | Menu\tstack \"Global_Dynadot_Menu\"\tDynadot\n-\nBuild Ownership Array\tmenu_BuildOwnershipArray mTarget\tstack \"Global_Atopia_Tree_Menu\"\tGlobal | Atopia | Tree | Menu\t\t\t\t\tBuild Ownership Array\nBuild Atopia Domain Array\tmenu_BuildAtopiaDomainArray mTarget\tstack \"Global_Atopia_Tree_Menu\"\tGlobal | Atopia | Tree | Menu\t\t\t\t\tBuild Atopia Domain Array\n-\nRefresh\tmenu_Refresh mTarget\tstack \"Global_Atopia_Tree_Menu\"\tGlobal | Atopia | Tree | Menu\t\t\t\t\tRefresh\nDev\t\tstack \"Global_Atopia_Tree_Menu\"\tGlobal | Atopia | Tree | Menu\t\tsubmenu\tDev | Menu\tstack \"Global_Atopia_Tree_Menu\"\tDev"},"Global | Server | Menu": {"mController": "stack \"/Users/BabyBlue/Desktop/git-repos/lcw_Server/controllers/Global_Server_Menu.livecodescript\"","gMenuTable": "List Atopia Folders\tmenu_ListAtopiaFolders mTarget\tstack \"Global_Server_Menu\"\tGlobal | Server | Menu\t\t\t\t\tList Atopia Folders\n-\nDynadot\t\tstack \"Global_Server_Menu\"\tGlobal | Server | Menu\t\tsubmenu\tGlobal | Dynadot | Menu\tstack \"Global_Dynadot_Menu\"\tDynadot\n-\nDisplay Server Array\tmenu_DisplayServerArray mTarget\tstack \"Global_Server_Menu\"\tGlobal | Server | Menu\tdisabled_DisplayServerArray\t\t\t\tDisplay Server Array\nLoad Live Code World\tmenu_LoadLiveCodeWorld mTarget\tstack \"Global_Server_Menu\"\tGlobal | Server | Menu\t\t\t\t\tLoad Live Code World\nShow Stored Tokens\tmenu_ShowStoredTokens mTarget\tstack \"Global_Server_Menu\"\tGlobal | Server | Menu\t\t\t\t\tShow Stored Tokens\n-\nUpdate Dynadot Info Array\tmenu_UpdateDynadotInfoArray mTarget\tstack \"Global_Server_Menu\"\tGlobal | Server | Menu\t\t\t\t\tUpdate Dynadot Info Array\nUpdate Ocean Info Array\tmenu_UpdateOceanInfoArray mTarget\tstack \"Global_Server_Menu\"\tGlobal | Server | Menu\t\t\t\t\tUpdate Ocean Info Array"},"Global | Ocean | Tree | Menu": {"mController": "stack \"/Users/BabyBlue/Desktop/git-repos/lcw_Server/controllers/Global_Ocean_Tree_Menu.livecodescript\"","gMenuTable": "Dynadot Managed Domains\tmenu_DynadotManagedDomains mTarget\tstack \"Global_Ocean_Tree_Menu\"\tGlobal | Ocean | Tree | Menu\t\t\t\t\tDynadot Managed Domains\nDynadot Ocean Domains\tmenu_DynadotOceanDomains mTarget\tstack \"Global_Ocean_Tree_Menu\"\tGlobal | Ocean | Tree | Menu\t\t\t\t\tDynadot Ocean Domains\nDynadot Parked Domains\tmenu_DynadotParkedDomains mTarget\tstack \"Global_Ocean_Tree_Menu\"\tGlobal | Ocean | Tree | Menu\t\t\t\t\tDynadot Parked Domains\nDynadot Domains\tmenu_DynadotDomains mTarget\tstack \"Global_Ocean_Tree_Menu\"\tGlobal | Ocean | Tree | Menu\t\t\t\t\tDynadot Domains\n-\nDynadot\t\tstack \"Global_Ocean_Tree_Menu\"\tGlobal | Ocean | Tree | Menu\t\tsubmenu\tGlobal | Dynadot | Menu\tstack \"Global_Dynadot_Menu\"\tDynadot"},"Global | Ocean | Line | Menu": {"mController": "stack \"/Users/BabyBlue/Desktop/git-repos/lcw_Server/controllers/Global_Ocean_Line_Menu.livecodescript\"","gMenuTable": "Set Dynadot Folder\tmenu_SetDynadotFolder mTarget\tstack \"Global_Ocean_Line_Menu\"\tGlobal | Ocean | Line | Menu\t\t\t\t\tSet Dynadot Folder\nSet Dynadot Parking\tmenu_SetDynadotParking subMenuPath, mTarget\tstack \"Global_Ocean_Line_Menu\"\tGlobal | Ocean | Line | Menu\t\tboolean\tsubmenu_Boolean\tset_DynadotParking\tSet Dynadot Parking\nSet Ocean Name Servers\tmenu_SetOceanNameServers mTarget\tstack \"Global_Ocean_Line_Menu\"\tGlobal | Ocean | Line | Menu\t\t\t\t\tSet Ocean Name Servers\n-\nDisplay Dynadot Info\tmenu_DisplayDynadotInfo mTarget\tstack \"Global_Ocean_Line_Menu\"\tGlobal | Ocean | Line | Menu\t\t\t\t\tDisplay Dynadot Info"},"Global | DreamFactory | Menu": {"mController": "stack \"/Users/BabyBlue/Desktop/git-repos/lcw_Server/controllers/Global_DreamFactory_Menu.livecodescript\"","gMenuTable": "Test\tmenu_Test mTarget\tstack \"Global_DreamFactory_Menu\"\tGlobal | DreamFactory | Menu\t\t\t\t\tTest"}}}