{"stackFileArray": {"View|Title|Tree": "modules/View_Title_Tree/View_Title_Tree.livecode","View|Layouts|Horizontal|Two": "modules/Layouts_Horizontal_Two/Layouts_Horizontal_Two.livecode","View|Layout|HeaderAndFooter": "modules/View_Layout_HeaderAndFooter/View_Layout_HeaderAndFooter.livecode","Global_ScriptEditor_SVG_Menu": "modules/View_ScriptEditor_SVG/controllers/Global_ScriptEditor_SVG_Menu.livecodescript","Global_Environment_Menu": "controllers/Global_Environment_Menu.livecodescript","behavior_ViewSivaSivaNavigationBottom": "modules/View_Layout_HeaderAndFooter/behaviors/behavior_ViewSivaSivaNavigationBottom.livecodescript","Global_Module_Tree_Menu": "controllers/Global_Module_Tree_Menu.livecodescript","Global_Layout_Vertical_Menu": "modules/Layout_Vertical/controllers/Global_Layout_Vertical_Menu.livecodescript","Global_Project_Stacks_Tree_Line_Menu": "controllers/Global_Project_Stacks_Tree_Line_Menu.livecodescript","Global_Display_Behaviors_Menu": "controllers/Global_Display_Behaviors_Menu.livecodescript","lib_DisplayControllers": "libraries/lib_DisplayControllers.livecodescript","behavior_ViewLayoutVertical": "modules/Layout_Vertical/behaviors/behavior_LayoutVertical.livecodescript","behavior_View|Index|Group": "modules/View_Index_Group/behaviors/behavior_ViewIndexGroup.livecodescript","behavior_ViewBrowser": "modules/View_Layout_HeaderAndFooter/behaviors/behavior_ViewBrowser.livecodescript","Global_Layout_HeaderAndFooter_Menu": "modules/View_Layout_HeaderAndFooter/controllers/Global_Layout_HeaderAndFooter_Menu.livecodescript","Global_Project_FrontScripts_Tree_Menu": "controllers/Global_Project_FrontScripts_Tree_Menu.livecodescript","lib_Search": "libraries/lib_Search.livecodescript","Global_Module_Menu": "controllers/Global_Module_Menu.livecodescript","Global_Modules_Tree_Line_Menu": "controllers/Global_Modules_Tree_Line_Menu.livecodescript","lib_DisplayBehaviors": "libraries/lib_DisplayBehavior.livecodescript","behavior_ViewScriptEditorSVG": "modules/View_ScriptEditor_SVG/behaviors/behavior_ViewScriptEditorSVG.livecodescript","Global_Display_MenuIndex_Line_Menu": "controllers/Global_Display_MenuIndex_Line_Menu.livecodescript","behavior_ViewLayoutPlaceholder": "modules/Layout_Placeholder/behaviors/behavior_LayoutPlaceholder.livecodescript","Global_Layouts_Placeholder_Menu": "modules/Layout_Placeholder/controllers/Global_Layout_Placeholder_Menu.livecodescript","View|Layouts|Group": "modules/View_Layouts_Group/View_Layouts_Group.livecode","lib_DisplayView": "libraries/lib_DisplayView.livecodescript","View|ScriptEditor|SVG": "modules/View_ScriptEditor_SVG/View_ScriptEditor_SVG.livecode","Global_View_Behavior_Line_Menu": "controllers/Global_View_Behavior_Line_Menu.livecodescript","lib_FunctionKey": "libraries/lib_FunctionKey.livecodescript","behavior_ViewTreeField": "modules/View_Tree_Field/behaviors/behavior_ViewTreeField.livecodescript","lib_DisplayHandler": "libraries/lib_DisplayHandler.livecodescript","View|Tree|Field": "modules/View_Tree_Field/View_Tree_Field.livecode","Global_Script_Tree_Menu": "controllers/Global_Script_Tree_Menu.livecodescript","Global_Assets_Menu": "controllers/Global_Assets_Menu.livecodescript","Global_View_Geometry_Menu": "controllers/Global_View_Geometry_Menu.livecodescript","lib_Colour": "libraries/lib_Colour.livecodescript","Global_Modules_Tree_Menu": "controllers/Global_Modules_Tree_Menu.livecodescript","Global_Project_Menu": "controllers/Global_Project_Menu.livecodescript","lib_Spotlight": "libraries/lib_Spotlight.livecode","Global_Project_Stacks_Tree_Menu": "controllers/Global_Project_Stacks_Tree_Menu.livecodescript","Global_Project_Display_Menu": "controllers/Global_Project_Display_Menu.livecodescript","lib_WatchFiles": "libraries/lib_WatchFiles.livecodescript","lib_ModuleAuthoring": "libraries/lib_ModuleAuthoring.livecodescript","Global | Script | Template | Menu": "controllers/Global_Script_Template_Menu.livecodescript","Global_Project_Export_Menu": "controllers/Global_Project_Export_Menu.livecodescript","lib_DisplayStack": "libraries/lib_DisplayStack.livecodescript","View|Layout|Placeholder": "modules/Layout_Placeholder/Layout_Placeholder.livecode","Global_Project_BackScripts_Tree_Menu": "controllers/Global_Project_BackScripts_Tree_Menu.livecodescript","Global_Project_Tree_Line_Menu": "controllers/Global_Project_Tree_Line_Menu.livecodescript","model_Global": "models/model_Global.livecodescript","behavior_LayoutMobileOrientation": "behaviors/behavior_LayoutMobileOrientation.livecodescript","lib_DisplayModule": "libraries/lib_DisplayModule.livecodescript","Global_Project_Create_Menu": "controllers/Global_Project_Create_Menu.livecodescript","Global_Views_Tree_Menu": "controllers/Global_Views_Tree_Menu.livecodescript","Global_Tree_With Title_Menu": "modules/View_Tree_With Title/controllers/Global_Tree_With Title_Menu.livecodescript","behavior_ViewLayoutHeaderAndFooter": "modules/View_Layout_HeaderAndFooter/behaviors/behavior_ViewLayoutHeaderAndFooter.livecodescript","Global_View_Update_Menu": "controllers/Global_View_Update_Menu.livecodescript","lib_DisplayEnvironment": "libraries/lib_DisplayEnvironment.livecodescript","Global_View_Script_Menu": "controllers/Global_View_Script_Menu.livecodescript","lib_DisplayObject": "libraries/lib_DisplayObject.livecodescript","Global_Controllers_Tree_Line_Menu": "controllers/Global_Controllers_Tree_Line_Menu.livecodescript","View|Index|Group": "modules/View_Index_Group/View_Index_Group.livecode","behavior_ViewImageSVG": "modules/View_Image_SVG/behaviors/behavior_ViewImageSVG.livecodescript","View|Layout|Vertical": "modules/Layout_Vertical/Layout_Vertical.livecode","behavior_ViewNavBar": "behaviors/behavior_ViewNavBar.livecodescript","Global_Place_Menu": "controllers/Global_Place_Menu.livecodescript","behavior_ViewTreeWith Title": "modules/View_Tree_With Title/behaviors/behavior_ViewTreeWith Title.livecodescript","behavior_View|Layouts|Horizontal|Two": "modules/Layouts_Horizontal_Two/behaviors/behavior_LayoutsHorizontalTwo.livecodescript","View|Image|SVG": "modules/View_Image_SVG/View_Image_SVG.livecode","Global_Project_FrontScripts_Tree_Line_Menu": "controllers/Global_Project_FrontScripts_Tree_Line_Menu.livecodescript","Global_Image_SVG_Menu": "modules/View_Image_SVG/controllers/Global_Image_SVG_Menu.livecodescript","Global_Project_Tree_Menu": "controllers/Global_Project_Tree_Menu.livecodescript","lib_System": "libraries/lib_System.livecodescript","behavior_ViewHeader": "modules/View_Layout_HeaderAndFooter/behaviors/behavior_ViewHeader.livecodescript","lib_DragAndDrop": "libraries/lib_DragAndDrop.livecodescript","View|Tree|With Title": "modules/View_Tree_With Title/View_Tree_With Title.livecode","Global_View_Card_Create_Menu": "controllers/Global_View_Card_Create_Menu.livecodescript","lib_Scaffolding": "libraries/lib_Scaffolding.livecodescript","Global_Controllers_Tree_Menu": "controllers/Global_Controllers_Tree_Menu.livecodescript","Global_Tools_Menu": "controllers/Global_Tools_Menu.livecodescript","Global_Layouts_Group_Menu": "modules/View_Layouts_Group/controllers/Global_Layouts_Group_Menu.livecodescript","Global_View_Behavior_Menu": "controllers/Global_View_Behavior_Menu.livecodescript","behavior_ViewTitleTree": "modules/View_Title_Tree/behaviors/behavior_ViewTitleTree.livecodescript","behavior_LayoutGroup": "modules/View_Layouts_Group/behaviors/behavior_LayoutGroup.livecodescript","Global_Index_Group_Menu": "modules/View_Index_Group/controllers/Global_Index_Group_Menu.livecodescript","Global_Project_BackScripts_Tree_Line_Menu": "controllers/Global_Project_BackScripts_Tree_Line_Menu.livecodescript"},"Global Menus": {"Global | Script | Tree | Line | Menu": {"mController": "stack \"/Users/BabyBlue/Desktop/git-repos/lcw_Tools/controllers/Global_Script_Tree_Menu.livecodescript\"","gMenuTable": "Edit Handler\tmenu_EditHandler mTarget\tstack \"Global_Script_Tree_Menu\"\tGlobal | Script | Tree | Line | Menu\t\t\t\t\tEdit Handler"},"Global | Modules | Tree | Line | Menu": {"mController": "stack \"/Users/BabyBlue/Desktop/git-repos/lcw_Tools/controllers/Global_Modules_Tree_Line_Menu.livecodescript\"","gMenuTable": "Move Module\tmenu_MoveModule subMenuPath, mTarget\tstack \"Global_Modules_Tree_Line_Menu\"\tGlobal | Modules | Tree | Line | Menu\t\tcustom submenu\tnew_ProjectNames\tnew_ProjectName\tMove Module\nDelete Module\tmenu_DeleteModule mTarget\tstack \"Global_Modules_Tree_Line_Menu\"\tGlobal | Modules | Tree | Line | Menu\t\t\t\t\tDelete Module\n-\nDisplay Module\tmenu_DisplayModule mTarget\tstack \"Global_Modules_Tree_Line_Menu\"\tGlobal | Modules | Tree | Line | Menu\t\t\t\t\tDisplay Module\nReveal Module Folder\tmenu_RevealModuleFolder mTarget\tstack \"Global_Modules_Tree_Line_Menu\"\tGlobal | Modules | Tree | Line | Menu\t\t\t\t\tReveal Module Folder\n-\nDev\t\tstack \"Global_Modules_Tree_Line_Menu\"\tGlobal | Modules | Tree | Line | Menu\t\tsubmenu\tDev | Menu\tstack \"Global_Modules_Tree_Line_Menu\"\tDev"},"Global | Module | Tree | Line | Menu": {"mController": "stack \"/Users/BabyBlue/Desktop/git-repos/lcw_Tools/controllers/Global_Module_Tree_Menu.livecodescript\"","gMenuTable": "View Property\tmenu_ViewProperty mTarget\tstack \"Global_Module_Tree_Menu\"\tGlobal | Module | Tree | Line | Menu\t\t\t\t\tView Property"},"Global | Environment | Menu": {"mController": "stack \"/Users/BabyBlue/Desktop/git-repos/lcw_Tools/controllers/Global_Environment_Menu.livecodescript\"","gMenuTable": "Display Recent Exports\tmenu_DisplayRecentExports subMenuPath, mTarget\tstack \"Global_Environment_Menu\"\tGlobal | Environment | Menu\t\tcustom submenu\thow_Longs\thow_Long\tDisplay Recent Exports\nDisplay\tmenu_Display subMenuPath, mTarget\tstack \"Global_Environment_Menu\"\tGlobal | Environment | Menu\t\tcustom submenu\tdisplay_Whats\tdisplay_What\tDisplay\n-\nIndicate Started\tmenu_IndicateStarted mTarget\tstack \"Global_Environment_Menu\"\tGlobal | Environment | Menu\t\t\t\t\tIndicate Started\nSet Menu\tmenu_SetMenu subMenuPath, mTarget\tstack \"Global_Environment_Menu\"\tGlobal | Environment | Menu\t\tcustom submenu\tm_Titles\tm_Title\tSet Menu\nSet Watch Menu\tmenu_SetWatchMenu mTarget\tstack \"Global_Environment_Menu\"\tGlobal | Environment | Menu\t\t\t\t\tSet Watch Menu\n-\nProject\t\tstack \"Global_Environment_Menu\"\tGlobal | Environment | Menu\t\tsubmenu\tGlobal | Library | Project | Model | Menu\tstack \"Global_Library_Project_Model_Menu\"\tProject\nCreate\t\tstack \"Global_Environment_Menu\"\tGlobal | Environment | Menu\t\tsubmenu\tGlobal | ScriptEditor | Create | Menu\tstack \"Global | ScriptEditor | Create | Menu\"\tCreate\nExport\t\tstack \"Global_Environment_Menu\"\tGlobal | Environment | Menu\t\tsubmenu\tGlobal | Project | Export | Menu\tstack \"Global_Project_Export_Menu\"\tExport\n-\nGit\t\tstack \"Global_Environment_Menu\"\tGlobal | Environment | Menu\t\tsubmenu\tGlobal | GIT | Menu\tstack \"Global_GIT_Menu\"\tGit\nDev\t\tstack \"Global_Environment_Menu\"\tGlobal | Environment | Menu\t\tsubmenu\tDev | Menu\tstack \"Global_Environment_Menu\"\tDev"},"Global | Tools | Menu": {"mController": "stack \"/Users/BabyBlue/Desktop/git-repos/lcw_Tools/controllers/Global_Tools_Menu.livecodescript\"","gMenuTable": "Display Library Array\tmenu_DisplayLibraryArray subMenuPath, mTarget\tstack \"Global_Tools_Menu\"\tGlobal | Tools | Menu\t\tcustom submenu\tlibrary_ArrayNames\tlibrary_ArrayName\tDisplay Library Array\nDisplay Project Array\tmenu_DisplayProjectArray subMenuPath, mTarget\tstack \"Global_Tools_Menu\"\tGlobal | Tools | Menu\t\tcustom submenu\tsome_Names\tsome_Name\tDisplay Project Array"},"Global | Project | Menu": {"mController": "stack \"/Users/BabyBlue/Desktop/git-repos/lcw_Tools/controllers/Global_Project_Menu.livecodescript\"","gMenuTable": "Display Project Stacks\tmenu_DisplayProjectStacks subMenuPath, mTarget\tstack \"Global_Project_Menu\"\tGlobal | Project | Menu\t\tcustom submenu\tproject_Choices\tproject_Choice\tDisplay Project Stacks\n-\nConstruct Stack Link Mark Down\tmenu_ConstructStackLinkMarkDown subMenuPath, mTarget\tstack \"Global_Project_Menu\"\tGlobal | Project | Menu\t\tcustom external\tproject_Names\tproject_Name\tConstruct Stack Link Mark Down\nConstruct Script Array\tmenu_ConstructScriptArray subMenuPath, mTarget\tstack \"Global_Project_Menu\"\tGlobal | Project | Menu\t\tcustom external\tproject_Names\tproject_Name\tConstruct Script Array\n-\n-\nImportant\t\tstack \"Global_Project_Menu\"\tGlobal | Project | Menu\t\tsubmenu\tGlobal | Project | Important | Menu\tstack \"Global_Project_Important_Menu\"\tImportant\nDev\t\tstack \"Global_Project_Menu\"\tGlobal | Project | Menu\t\tsubmenu\tDev | Menu\tstack \"Global_Project_Menu\"\tDev"},"Global | Project | Tree | Menu": {"mController": "stack \"/Users/BabyBlue/Desktop/git-repos/lcw_Tools/controllers/Global_Project_Tree_Menu.livecodescript\"","gMenuTable": "Start Project\tmenu_StartProject subMenuPath, mTarget\tstack \"Global_Project_Tree_Menu\"\tGlobal | Project | Tree | Menu\t\tboolean\tsubmenu_Boolean\tstart_Project\tStart Project\nGit Status\tmenu_GitStatus mTarget\tstack \"Global_Project_Tree_Menu\"\tGlobal | Project | Tree | Menu\t\t\t\t\tGit Status\nAdd Project Wiki\tmenu_AddProjectWiki mTarget\tstack \"Global_Project_Tree_Menu\"\tGlobal | Project | Tree | Menu\tdisabled_AddProjectWiki\t\t\t\tAdd Project Wiki\nCreate Library Pages\tmenu_CreateLibraryPages mTarget\tstack \"Global_Project_Tree_Menu\"\tGlobal | Project | Tree | Menu\tdisabled_CreateLibraryPages\t\t\t\tCreate Library Pages\n-\nGo To Home Stack\tmenu_GoToHomeStack mTarget\tstack \"Global_Project_Tree_Menu\"\tGlobal | Project | Tree | Menu\t\t\t\t\tGo To Home Stack\nEdit Home Stack Script\tmenu_EditHomeStackScript mTarget\tstack \"Global_Project_Tree_Menu\"\tGlobal | Project | Tree | Menu\t\t\t\t\tEdit Home Stack Script\nHome Is Script Only\tmenu_HomeIsScriptOnly subMenuPath, mTarget\tstack \"Global_Project_Tree_Menu\"\tGlobal | Project | Tree | Menu\t\tboolean\tsubmenu_Boolean\thome_IsScriptOnly\tHome Is Script Only\nInspect Home Stack\tmenu_InspectHomeStack mTarget\tstack \"Global_Project_Tree_Menu\"\tGlobal | Project | Tree | Menu\t\t\t\t\tInspect Home Stack\nExport Standalone Settings\tmenu_ExportStandaloneSettings mTarget\tstack \"Global_Project_Tree_Menu\"\tGlobal | Project | Tree | Menu\t\t\t\t\tExport Standalone Settings\n-\nSet Home Stackfiles\tmenu_SetHomeStackfiles mTarget\tstack \"Global_Project_Tree_Menu\"\tGlobal | Project | Tree | Menu\t\t\t\t\tSet Home Stackfiles\nDisplay Home Stack Files\tmenu_DisplayHomeStackFiles mTarget\tstack \"Global_Project_Tree_Menu\"\tGlobal | Project | Tree | Menu\t\t\t\t\tDisplay Home Stack Files\nExport Home Stack Files\tmenu_ExportHomeStackFiles mTarget\tstack \"Global_Project_Tree_Menu\"\tGlobal | Project | Tree | Menu\t\t\t\t\tExport Home Stack Files\n-\nChange Project\tmenu_ChangeProject subMenuPath, mTarget\tstack \"Global_Project_Tree_Menu\"\tGlobal | Project | Tree | Menu\t\tcustom submenu\tproject_Choices\tproject_Choice\tChange Project\n-\nDisplay Project Folder\tmenu_DisplayProjectFolder mTarget\tstack \"Global_Project_Tree_Menu\"\tGlobal | Project | Tree | Menu\t\t\t\t\tDisplay Project Folder\nExport And Index Project\tmenu_ExportAndIndexProject mTarget\tstack \"Global_Project_Tree_Menu\"\tGlobal | Project | Tree | Menu\t\t\t\t\tExport And Index Project"},"Global | Place | Menu": {"mController": "stack \"/Users/BabyBlue/Desktop/git-repos/lcw_Tools/controllers/Global_Place_Menu.livecodescript\"","gMenuTable": "Construct New Place Array\tmenu_ConstructNewPlaceArray mTarget\tstack \"Global_Place_Menu\"\tGlobal | Place | Menu\t\t\t\t\tConstruct New Place Array\n-\nLoad Stored Place Array\tmenu_LoadStoredPlaceArray mTarget\tstack \"Global_Place_Menu\"\tGlobal | Place | Menu\t\t\t\t\tLoad Stored Place Array\nStore Active Place Array\tmenu_StoreActivePlaceArray mTarget\tstack \"Global_Place_Menu\"\tGlobal | Place | Menu\t\t\t\t\tStore Active Place Array\n-\nHkey Place Array Duplicates\tmenu_HkeyPlaceArrayDuplicates mTarget\tstack \"Global_Place_Menu\"\tGlobal | Place | Menu\t\t\t\t\tHkey Place Array Duplicates\nFetch Big Hkey Place Array\tmenu_FetchBigHkeyPlaceArray mTarget\tstack \"Global_Place_Menu\"\tGlobal | Place | Menu\t\t\t\t\tFetch Big Hkey Place Array"},"Global | Project | BackScripts | Tree | Menu": {"mController": "stack \"/Users/BabyBlue/Desktop/git-repos/lcw_Tools/controllers/Global_Project_BackScripts_Tree_Menu.livecodescript\"","gMenuTable": "Test\tmenu_Test mTarget\tstack \"Global_Project_BackScripts_Tree_Menu\"\tGlobal | Project | BackScripts | Tree | Menu\t\t\t\t\tTest"},"Global | Display | Behaviors | Line | Menu": {"mController": "stack \"/Users/BabyBlue/Desktop/git-repos/lcw_Tools/controllers/Global_Display_Behaviors_Menu.livecodescript\"","gMenuTable": "Edit Broken View\tmenu_EditBrokenView mTarget\tstack \"Global_Display_Behaviors_Menu\"\tGlobal | Display | Behaviors | Line | Menu\t\t\t\t\tEdit Broken View\nFix Broken Behavior\tmenu_FixBrokenBehavior mTarget\tstack \"Global_Display_Behaviors_Menu\"\tGlobal | Display | Behaviors | Line | Menu\t\t\t\t\tFix Broken Behavior\n-\nDisplay Value\tmenu_DisplayValue mTarget\tstack \"Global_Display_Behaviors_Menu\"\tGlobal | Display | Behaviors | Line | Menu\t\t\t\t\tDisplay Value"},"Global | Display | MenuIndex | Line | Menu": {"mController": "stack \"/Users/BabyBlue/Desktop/git-repos/lcw_Tools/controllers/Global_Display_MenuIndex_Line_Menu.livecodescript\"","gMenuTable": "Delete Old Menu Card\tmenu_DeleteOldMenuCard mTarget\tstack \"Global_Display_MenuIndex_Line_Menu\"\tGlobal | Display | MenuIndex | Line | Menu\tdisabled_DeleteOldMenuCard\t\t\t\tDelete Old Menu Card"},"Global | Project | Stacks | Tree | Menu": {"mController": "stack \"/Users/BabyBlue/Desktop/git-repos/lcw_Tools/controllers/Global_Project_Stacks_Tree_Menu.livecodescript\"","gMenuTable": "Test\tmenu_Test mTarget\tstack \"Global_Project_Stacks_Tree_Menu\"\tGlobal | Project | Stacks | Tree | Menu\t\t\t\t\tTest"},"Global | Assets | Menu": {"mController": "stack \"/Users/BabyBlue/Desktop/git-repos/lcw_Tools/controllers/Global_Assets_Menu.livecodescript\"","gMenuTable": ""},"Global | Project | FrontScripts | Tree | Line | Menu": {"mController": "stack \"/Users/BabyBlue/Desktop/git-repos/lcw_Tools/controllers/Global_Project_FrontScripts_Tree_Line_Menu.livecodescript\"","gMenuTable": "Delete File\tmenu_DeleteFile mTarget\tstack \"Global_Project_FrontScripts_Tree_Line_Menu\"\tGlobal | Project | FrontScripts | Tree | Line | Menu\t\t\t\t\tDelete File"},"Global | Project | FrontScripts | Tree | Menu": {"mController": "stack \"/Users/BabyBlue/Desktop/git-repos/lcw_Tools/controllers/Global_Project_FrontScripts_Tree_Menu.livecodescript\"","gMenuTable": "Test\tmenu_Test mTarget\tstack \"Global_Project_FrontScripts_Tree_Menu\"\tGlobal | Project | FrontScripts | Tree | Menu\t\t\t\t\tTest"},"Global | Project | Tree | Line | Menu": {"mController": "stack \"/Users/BabyBlue/Desktop/git-repos/lcw_Tools/controllers/Global_Project_Tree_Line_Menu.livecodescript\"","gMenuTable": "Move Used\tmenu_MoveUsed subMenuPath, mTarget\tstack \"Global_Project_Tree_Line_Menu\"\tGlobal | Project | Tree | Line | Menu\tdisabled_MoveUsed\tcustom submenu\tnew_ProjectNames\tnew_ProjectName\tMove Used\nConvert To Module\tmenu_ConvertToModule subMenuPath, mTarget\tstack \"Global_Project_Tree_Line_Menu\"\tGlobal | Project | Tree | Line | Menu\tdisabled_ConvertToModule\tcustom submenu\tnew_ProjectNames\tnew_ProjectName\tConvert To Module\nStart Project\tmenu_StartProject subMenuPath, mTarget\tstack \"Global_Project_Tree_Line_Menu\"\tGlobal | Project | Tree | Line | Menu\tdisabled_StartProject\tboolean\tsubmenu_Boolean\tstart_Project\tStart Project\n-\nExport Menus And Stack Files\tmenu_ExportMenusAndStackFiles mTarget\tstack \"Global_Project_Tree_Line_Menu\"\tGlobal | Project | Tree | Line | Menu\t\t\t\t\tExport Menus And Stack Files\nExport And Index Project\tmenu_ExportAndIndexProject mTarget\tstack \"Global_Project_Tree_Line_Menu\"\tGlobal | Project | Tree | Line | Menu\t\t\t\t\tExport And Index Project\n-\nGit Status\tmenu_GitStatus mTarget\tstack \"Global_Project_Tree_Line_Menu\"\tGlobal | Project | Tree | Line | Menu\tdisabled_GitStatus\t\t\t\tGit Status\nInitialise Git\tmenu_InitialiseGit mTarget\tstack \"Global_Project_Tree_Line_Menu\"\tGlobal | Project | Tree | Line | Menu\tdisabled_InitialiseGit\t\t\t\tInitialise Git\nAdd Everything To Git\tmenu_AddEverythingToGit mTarget\tstack \"Global_Project_Tree_Line_Menu\"\tGlobal | Project | Tree | Line | Menu\t\t\t\t\tAdd Everything To Git\n-\nDisplay Project Deps\tmenu_DisplayProjectDeps mTarget\tstack \"Global_Project_Tree_Line_Menu\"\tGlobal | Project | Tree | Line | Menu\t\t\t\t\tDisplay Project Deps\n-\nGo To Home Stack\tmenu_GoToHomeStack mTarget\tstack \"Global_Project_Tree_Line_Menu\"\tGlobal | Project | Tree | Line | Menu\t\t\t\t\tGo To Home Stack\nEdit Stack Script\tmenu_EditStackScript mTarget\tstack \"Global_Project_Tree_Line_Menu\"\tGlobal | Project | Tree | Line | Menu\t\t\t\t\tEdit Stack Script\n-\nReveal Project Folder\tmenu_RevealProjectFolder mTarget\tstack \"Global_Project_Tree_Line_Menu\"\tGlobal | Project | Tree | Line | Menu\t\t\t\t\tReveal Project Folder\nRemove Project From Library\tmenu_RemoveProjectFromLibrary mTarget\tstack \"Global_Project_Tree_Line_Menu\"\tGlobal | Project | Tree | Line | Menu\t\t\t\t\tRemove Project From Library\nDisplay Project\tmenu_DisplayProject mTarget\tstack \"Global_Project_Tree_Line_Menu\"\tGlobal | Project | Tree | Line | Menu\t\t\t\t\tDisplay Project\n-\nTrash Project\tmenu_TrashProject mTarget\tstack \"Global_Project_Tree_Line_Menu\"\tGlobal | Project | Tree | Line | Menu\t\t\t\t\tTrash Project"},"Global | Project | Export | Menu": {"mController": "stack \"/Users/BabyBlue/Desktop/git-repos/lcw_Tools/controllers/Global_Project_Export_Menu.livecodescript\"","gMenuTable": "Export Script Object\tmenu_ExportScriptObject mTarget\tstack \"Global_Project_Export_Menu\"\tGlobal | Project | Export | Menu\t\t\t\t\tExport Script Object\nExport And Index Project\tmenu_ExportAndIndexProject mTarget\tstack \"Global_Project_Export_Menu\"\tGlobal | Project | Export | Menu\t\t\t\t\tExport And Index Project\n-\nExport Menus And Stack Files\tmenu_ExportMenusAndStackFiles mTarget\tstack \"Global_Project_Export_Menu\"\tGlobal | Project | Export | Menu\t\t\t\t\tExport Menus And Stack Files\nExport And Index Handlers\tmenu_ExportAndIndexHandlers mTarget\tstack \"Global_Project_Export_Menu\"\tGlobal | Project | Export | Menu\t\t\t\t\tExport And Index Handlers"},"Global | Display | Behaviors | Menu": {"mController": "stack \"/Users/BabyBlue/Desktop/git-repos/lcw_Tools/controllers/Global_Display_Behaviors_Menu.livecodescript\"","gMenuTable": "Display Behaviors\tmenu_DisplayBehaviors mTarget\tstack \"Global_Display_Behaviors_Menu\"\tGlobal | Display | Behaviors | Menu\t\t\t\t\tDisplay Behaviors"},"Global | Project | BackScripts | Tree | Line | Menu": {"mController": "stack \"/Users/BabyBlue/Desktop/git-repos/lcw_Tools/controllers/Global_Project_BackScripts_Tree_Line_Menu.livecodescript\"","gMenuTable": "Test\tmenu_Test mTarget\tstack \"Global_Project_BackScripts_Tree_Line_Menu\"\tGlobal | Project | BackScripts | Tree | Line | Menu\t\t\t\t\tTest"},"Global | Module | Tree | Menu": {"mController": "stack \"/Users/BabyBlue/Desktop/git-repos/lcw_Tools/controllers/Global_Module_Tree_Menu.livecodescript\"","gMenuTable": "Create Stand Alone\tmenu_CreateStandAlone mTarget\tstack \"Global_Module_Tree_Menu\"\tGlobal | Module | Tree | Menu\t\t\t\t\tCreate Stand Alone\n-\nModule\t\tstack \"Global_Module_Tree_Menu\"\tGlobal | Module | Tree | Menu\t\tsubmenu\tGlobal | Module | Menu\tstack \"Global_Module_Menu\"\tModule\nDev\t\tstack \"Global_Module_Tree_Menu\"\tGlobal | Module | Tree | Menu\t\tsubmenu\tDev | Menu\tstack \"Global_Module_Tree_Menu\"\tDev"},"Global | Modules | Tree | Menu": {"mController": "stack \"/Users/BabyBlue/Desktop/git-repos/lcw_Tools/controllers/Global_Modules_Tree_Menu.livecodescript\"","gMenuTable": "Create Module\tmenu_CreateModule mTarget\tstack \"Global_Modules_Tree_Menu\"\tGlobal | Modules | Tree | Menu\t\t\t\t\tCreate Module\nExport Menus And Stack Files\tmenu_ExportMenusAndStackFiles mTarget\tstack \"Global_Modules_Tree_Menu\"\tGlobal | Modules | Tree | Menu\t\t\t\t\tExport Menus And Stack Files\n-\nRefresh\tmenu_Refresh mTarget\tstack \"Global_Modules_Tree_Menu\"\tGlobal | Modules | Tree | Menu\t\t\t\t\tRefresh\nCheck Modules\tmenu_CheckModules mTarget\tstack \"Global_Modules_Tree_Menu\"\tGlobal | Modules | Tree | Menu\t\t\t\t\tCheck Modules"},"Global | Controllers | Tree | Menu": {"mController": "stack \"/Users/BabyBlue/Desktop/git-repos/lcw_Tools/controllers/Global_Controllers_Tree_Menu.livecodescript\"","gMenuTable": "Create Project Menu\tmenu_CreateProjectMenu mTarget\tstack \"Global_Controllers_Tree_Menu\"\tGlobal | Controllers | Tree | Menu\t\t\t\t\tCreate Project Menu\n-\nLoad Menus\tmenu_LoadMenus mTarget\tstack \"Global_Controllers_Tree_Menu\"\tGlobal | Controllers | Tree | Menu\t\t\t\t\tLoad Menus\nExport Menus And Stack Files\tmenu_ExportMenusAndStackFiles mTarget\tstack \"Global_Controllers_Tree_Menu\"\tGlobal | Controllers | Tree | Menu\t\t\t\t\tExport Menus And Stack Files\nLoad Menus And Stack Files\tmenu_LoadMenusAndStackFiles mTarget\tstack \"Global_Controllers_Tree_Menu\"\tGlobal | Controllers | Tree | Menu\t\t\t\t\tLoad Menus And Stack Files\n-\nDev\t\tstack \"Global_Controllers_Tree_Menu\"\tGlobal | Controllers | Tree | Menu\t\tsubmenu\tDev | Menu\tstack \"Global_Controllers_Tree_Menu\"\tDev"},"Global | View | Assets | Menu": {"mController": "stack \"/Users/BabyBlue/Desktop/git-repos/lcw_Tools/controllers/Global_Assets_Menu.livecodescript\"","gMenuTable": "Edit Html\tmenu_EditHtml subMenuPath, mTarget\tstack \"Global_Assets_Menu\"\tGlobal | View | Assets | Menu\tdisabled_EditHtml\tcustom submenu\tshort_HtmlFiles\tshort_HtmlFile\tEdit Html\n-\nStop Watching Everything\tmenu_StopWatchingEverything mTarget\tstack \"Global_Assets_Menu\"\tGlobal | View | Assets | Menu\tdisabled_StopWatchingEverything\t\t\t\tStop Watching Everything\nWatch File\tmenu_WatchFile subMenuPath, mTarget\tstack \"Global_Assets_Menu\"\tGlobal | View | Assets | Menu\tdisabled_WatchFile\tcustom submenu\tshort_HtmlFiles\tshort_HtmlFile\tWatch File\nWatch Files\tmenu_WatchFiles subMenuPath, mTarget\tstack \"Global_Assets_Menu\"\tGlobal | View | Assets | Menu\tdisabled_WatchFiles\tboolean\tsubmenu_Boolean\twatch_Files\tWatch Files\n-\nDisplay Local File\tmenu_DisplayLocalFile subMenuPath, mTarget\tstack \"Global_Assets_Menu\"\tGlobal | View | Assets | Menu\tdisabled_DisplayLocalFile\tcustom submenu\tshort_HtmlFiles\tshort_HtmlFile\tDisplay Local File\nDisplay Html Text\tmenu_DisplayHtmlText subMenuPath, mTarget\tstack \"Global_Assets_Menu\"\tGlobal | View | Assets | Menu\tdisabled_DisplayHtmlText\tcustom submenu\tshort_HtmlFiles\tshort_HtmlFile\tDisplay Html Text\nDisplay In Browser\tmenu_DisplayInBrowser subMenuPath, mTarget\tstack \"Global_Assets_Menu\"\tGlobal | View | Assets | Menu\tdisabled_DisplayInBrowser\tcustom submenu\tshort_HtmlFiles\tshort_HtmlFile\tDisplay In Browser\n-\nCreate Html File\tmenu_CreateHtmlFile mTarget\tstack \"Global_Assets_Menu\"\tGlobal | View | Assets | Menu\t\t\t\t\tCreate Html File"},"Global | Project | Create | Menu": {"mController": "stack \"/Users/BabyBlue/Desktop/git-repos/lcw_Tools/controllers/Global_Project_Create_Menu.livecodescript\"","gMenuTable": "Create New Project\tmenu_CreateNewProject mTarget\tstack \"Global_Project_Create_Menu\"\tGlobal | Project | Create | Menu\t\t\t\t\tCreate New Project\n-\nCreate Project Menu\tmenu_CreateProjectMenu mTarget\tstack \"Global_Project_Create_Menu\"\tGlobal | Project | Create | Menu\t\t\t\t\tCreate Project Menu\nCreate Recent Menu\tmenu_CreateRecentMenu mTarget\tstack \"Global_Project_Create_Menu\"\tGlobal | Project | Create | Menu\t\t\t\t\tCreate Recent Menu\nCreate Handler Menu\tmenu_CreateHandlerMenu mTarget\tstack \"Global_Project_Create_Menu\"\tGlobal | Project | Create | Menu\t\t\t\t\tCreate Handler Menu\n-\nCreate Project Library\tmenu_CreateProjectLibrary mTarget\tstack \"Global_Project_Create_Menu\"\tGlobal | Project | Create | Menu\t\t\t\t\tCreate Project Library\nCreate Project Model\tmenu_CreateProjectModel mTarget\tstack \"Global_Project_Create_Menu\"\tGlobal | Project | Create | Menu\t\t\t\t\tCreate Project Model\nCreate Project Behavior\tmenu_CreateProjectBehavior mTarget\tstack \"Global_Project_Create_Menu\"\tGlobal | Project | Create | Menu\t\t\t\t\tCreate Project Behavior\n-\nCreate Module\tmenu_CreateModule mTarget\tstack \"Global_Project_Create_Menu\"\tGlobal | Project | Create | Menu\t\t\t\t\tCreate Module\nCreate View\tmenu_CreateView mTarget\tstack \"Global_Project_Create_Menu\"\tGlobal | Project | Create | Menu\t\t\t\t\tCreate View\n-\nDev\t\tstack \"Global_Project_Create_Menu\"\tGlobal | Project | Create | Menu\t\tsubmenu\tDev | Menu\tstack \"Global_Project_Create_Menu\"\tDev"},"Global | Project | Display | Menu": {"mController": "stack \"/Users/BabyBlue/Desktop/git-repos/lcw_Tools/controllers/Global_Project_Display_Menu.livecodescript\"","gMenuTable": "Display Libraries\tmenu_DisplayLibraries mTarget\tstack \"Global_Project_Display_Menu\"\tGlobal | Project | Display | Menu\t\t\t\t\tDisplay Libraries\nDisplay Used\tmenu_DisplayUsed mTarget\tstack \"Global_Project_Display_Menu\"\tGlobal | Project | Display | Menu\t\t\t\t\tDisplay Used\nDisplay Menus\tmenu_DisplayMenus mTarget\tstack \"Global_Project_Display_Menu\"\tGlobal | Project | Display | Menu\t\t\t\t\tDisplay Menus\n-\nProject Modules\tmenu_ProjectModules mTarget\tstack \"Global_Project_Display_Menu\"\tGlobal | Project | Display | Menu\t\t\t\t\tProject Modules\nProject Menus\tmenu_ProjectMenus mTarget\tstack \"Global_Project_Display_Menu\"\tGlobal | Project | Display | Menu\t\t\t\t\tProject Menus\nProject Behaviors\tmenu_ProjectBehaviors mTarget\tstack \"Global_Project_Display_Menu\"\tGlobal | Project | Display | Menu\t\t\t\t\tProject Behaviors\nProject Views\tmenu_ProjectViews mTarget\tstack \"Global_Project_Display_Menu\"\tGlobal | Project | Display | Menu\t\t\t\t\tProject Views\n-\nProject Stacks\tmenu_ProjectStacks mTarget\tstack \"Global_Project_Display_Menu\"\tGlobal | Project | Display | Menu\t\t\t\t\tProject Stacks\nProject Front Scripts\tmenu_ProjectFrontScripts mTarget\tstack \"Global_Project_Display_Menu\"\tGlobal | Project | Display | Menu\t\t\t\t\tProject Front Scripts\nProject Back Scripts\tmenu_ProjectBackScripts mTarget\tstack \"Global_Project_Display_Menu\"\tGlobal | Project | Display | Menu\t\t\t\t\tProject Back Scripts"},"Global | View | Behavior | Line | Menu": {"mController": "stack \"/Users/BabyBlue/Desktop/git-repos/lcw_Tools/controllers/Global_View_Behavior_Line_Menu.livecodescript\"","gMenuTable": "Set View Behavior\tmenu_SetViewBehavior mTarget\tstack \"Global_View_Behavior_Line_Menu\"\tGlobal | View | Behavior | Line | Menu\t\t\t\t\tSet View Behavior\n-\nDev\t\tstack \"Global_View_Behavior_Line_Menu\"\tGlobal | View | Behavior | Line | Menu\t\tsubmenu\tDev | Menu\tstack \"Global_View_Behavior_Line_Menu\"\tDev"},"Global | Project | Stacks | Tree | Line | Menu": {"mController": "stack \"/Users/BabyBlue/Desktop/git-repos/lcw_Tools/controllers/Global_Project_Stacks_Tree_Line_Menu.livecodescript\"","gMenuTable": "Edit Stack Script\tmenu_EditStackScript mTarget\tstack \"Global_Project_Stacks_Tree_Line_Menu\"\tGlobal | Project | Stacks | Tree | Line | Menu\t\t\t\t\tEdit Stack Script"},"Global | View | Update | Menu": {"mController": "stack \"/Users/BabyBlue/Desktop/git-repos/lcw_Tools/controllers/Global_View_Update_Menu.livecodescript\"","gMenuTable": "Create New Component\tmenu_CreateNewComponent mTarget\tstack \"Global_View_Update_Menu\"\tGlobal | View | Update | Menu\t\t\t\t\tCreate New Component\n-\nSwap\tmenu_Swap subMenuPath, mTarget\tstack \"Global_View_Update_Menu\"\tGlobal | View | Update | Menu\tdisabled_Swap\tcustom submenu\tv_Names\tv_Name\tSwap\nDisplay View Outline\tmenu_DisplayViewOutline mTarget\tstack \"Global_View_Update_Menu\"\tGlobal | View | Update | Menu\t\t\t\t\tDisplay View Outline\n-\nGo And Check Version\tmenu_GoAndCheckVersion mTarget\tstack \"Global_View_Update_Menu\"\tGlobal | View | Update | Menu\tdisabled_GoAndCheckVersion\t\t\t\tGo And Check Version\nUpdate Library View\tmenu_UpdateLibraryView mTarget\tstack \"Global_View_Update_Menu\"\tGlobal | View | Update | Menu\tdisabled_UpdateLibraryView\t\t\t\tUpdate Library View\nUpdate To Library View\tmenu_UpdateToLibraryView mTarget\tstack \"Global_View_Update_Menu\"\tGlobal | View | Update | Menu\t\t\t\t\tUpdate To Library View\n-\nDefault Bahavior Script\tmenu_DefaultBahaviorScript mTarget\tstack \"Global_View_Update_Menu\"\tGlobal | View | Update | Menu\t\t\t\t\tDefault Bahavior Script\n-\nDevelopment\t\tstack \"Global_View_Update_Menu\"\tGlobal | View | Update | Menu\t\tsubmenu\tDev | Menu\tstack \"Global_View_Update_Menu\"\tDevelopment"},"Global | Script | Template | Menu": {"mController": "stack \"/Users/BabyBlue/Desktop/git-repos/lcw_Tools/controllers/Global_Script_Template_Menu.livecodescript\"","gMenuTable": "Save\tmenu_Save mTarget\tstack \"Global | Script | Template | Menu\"\tGlobal | Script | Template | Menu\t\t\t\t\tSave\nDisplay Template\tmenu_DisplayTemplate subMenuPath, mTarget\tstack \"Global | Script | Template | Menu\"\tGlobal | Script | Template | Menu\t\tcustom submenu\ttemplate_Names\ttemplate_Name\tDisplay Template\nReveal Template\tmenu_RevealTemplate mTarget\tstack \"Global | Script | Template | Menu\"\tGlobal | Script | Template | Menu\t\t\t\t\tReveal Template\n-\nNew Template From Clipboard\tmenu_NewTemplateFromClipboard mTarget\tstack \"Global | Script | Template | Menu\"\tGlobal | Script | Template | Menu\t\t\t\t\tNew Template From Clipboard\nCopy Template To Clipboard\tmenu_CopyTemplateToClipboard subMenuPath, mTarget\tstack \"Global | Script | Template | Menu\"\tGlobal | Script | Template | Menu\t\tcustom submenu\ttemplate_Names\ttemplate_Name\tCopy Template To Clipboard\n-\nDelete Template\tmenu_DeleteTemplate subMenuPath, mTarget\tstack \"Global | Script | Template | Menu\"\tGlobal | Script | Template | Menu\t\tcustom submenu\ttemplate_Names\ttemplate_Name\tDelete Template\n-\nSave As\tmenu_SaveAs mTarget\tstack \"Global | Script | Template | Menu\"\tGlobal | Script | Template | Menu\t\t\t\t\tSave As\n-\nDev\t\tstack \"Global | Script | Template | Menu\"\tGlobal | Script | Template | Menu\t\tsubmenu\tDev | Menu\tstack \"Global | Script | Template | Menu\"\tDev"},"Global | Views | Tree | Menu": {"mController": "stack \"/Users/BabyBlue/Desktop/git-repos/lcw_Tools/controllers/Global_Views_Tree_Menu.livecodescript\"","gMenuTable": "Test\tmenu_Test mTarget\tstack \"Global_Views_Tree_Menu\"\tGlobal | Views | Tree | Menu\t\t\t\t\tTest"},"Global | View | Geometry | Menu": {"mController": "stack \"/Users/BabyBlue/Desktop/git-repos/lcw_Tools/controllers/Global_View_Geometry_Menu.livecodescript\"","gMenuTable": "Clone\tmenu_Clone mTarget\tstack \"Global_View_Geometry_Menu\"\tGlobal | View | Geometry | Menu\t\t\t\t\tClone\n-\nDispatch Layout Control\tmenu_DispatchLayoutControl mTarget\tstack \"Global_View_Geometry_Menu\"\tGlobal | View | Geometry | Menu\t\t\t\t\tDispatch Layout Control\nTest Layout\tmenu_TestLayout mTarget\tstack \"Global_View_Geometry_Menu\"\tGlobal | View | Geometry | Menu\t\t\t\t\tTest Layout\n-\nDispatch Resize Stack\tmenu_DispatchResizeStack mTarget\tstack \"Global_View_Geometry_Menu\"\tGlobal | View | Geometry | Menu\t\t\t\t\tDispatch Resize Stack\nDispatch Resize Control\tmenu_DispatchResizeControl mTarget\tstack \"Global_View_Geometry_Menu\"\tGlobal | View | Geometry | Menu\tdisabled_DispatchResizeControl\t\t\t\tDispatch Resize Control\nDispatch Preopen Card\tmenu_DispatchPreopenCard mTarget\tstack \"Global_View_Geometry_Menu\"\tGlobal | View | Geometry | Menu\tdisabled_DispatchPreopenCard\t\t\t\tDispatch Preopen Card\nDispatch Preopen Control\tmenu_DispatchPreopenControl mTarget\tstack \"Global_View_Geometry_Menu\"\tGlobal | View | Geometry | Menu\tdisabled_DispatchPreopenControl\t\t\t\tDispatch Preopen Control\n-\nMore Tests\t\tstack \"Global_View_Geometry_Menu\"\tGlobal | View | Geometry | Menu\t\tsubmenu\tGlobal | View | Test | Geometry | Menu\tstack \"Global_View_Test_Geometry_Menu\"\tMore Tests"},"Global | View | Behavior | Menu": {"mController": "stack \"/Users/BabyBlue/Desktop/git-repos/lcw_Tools/controllers/Global_View_Behavior_Menu.livecodescript\"","gMenuTable": "Set Module Behaviors\tmenu_SetModuleBehaviors subMenuPath, mTarget\tstack \"Global_View_Behavior_Menu\"\tGlobal | View | Behavior | Menu\t\tcustom submenu\tmodule_Behaviors\tmodule_Behavior\tSet Module Behaviors\nChoose View Behavior\tmenu_ChooseViewBehavior mTarget\tstack \"Global_View_Behavior_Menu\"\tGlobal | View | Behavior | Menu\t\t\t\t\tChoose View Behavior\nEdit View Behavior\tmenu_EditViewBehavior mTarget\tstack \"Global_View_Behavior_Menu\"\tGlobal | View | Behavior | Menu\tdisabled_EditViewBehavior\t\t\t\tEdit View Behavior\n-\nImport Script Only Behaviors\tmenu_ImportScriptOnlyBehaviors subMenuPath, mTarget\tstack \"Global_View_Behavior_Menu\"\tGlobal | View | Behavior | Menu\t\tboolean\tsubmenu_Boolean\timport_ScriptOnlyBehaviors\tImport Script Only Behaviors\n-\nDelete Behavior Group\tmenu_DeleteBehaviorGroup mTarget\tstack \"Global_View_Behavior_Menu\"\tGlobal | View | Behavior | Menu\tdisabled_DeleteBehaviorGroup\t\t\t\tDelete Behavior Group\nDelete Behavior Card\tmenu_DeleteBehaviorCard mTarget\tstack \"Global_View_Behavior_Menu\"\tGlobal | View | Behavior | Menu\tdisabled_DeleteBehaviorCard\t\t\t\tDelete Behavior Card\n-\nDisplay Nested View Array\tmenu_DisplayNestedViewArray mTarget\tstack \"Global_View_Behavior_Menu\"\tGlobal | View | Behavior | Menu\t\t\t\t\tDisplay Nested View Array\nMove External Behaviors\tmenu_MoveExternalBehaviors subMenuPath, mTarget\tstack \"Global_View_Behavior_Menu\"\tGlobal | View | Behavior | Menu\tdisabled_MoveExternalBehaviors\tfixed\tsubmenu_Fixed[menu_MoveExternalBehaviors]\tmove_Where\tMove External Behaviors\n-\nModule Behavior Folder\tmenu_ModuleBehaviorFolder mTarget\tstack \"Global_View_Behavior_Menu\"\tGlobal | View | Behavior | Menu\tdisabled_ModuleBehaviorFolder\t\t\t\tModule Behavior Folder\nModule Folder\tmenu_ModuleFolder mTarget\tstack \"Global_View_Behavior_Menu\"\tGlobal | View | Behavior | Menu\t\t\t\t\tModule Folder\nProject Folder\tmenu_ProjectFolder mTarget\tstack \"Global_View_Behavior_Menu\"\tGlobal | View | Behavior | Menu\t\t\t\t\tProject Folder\n-\nDev\t\tstack \"Global_View_Behavior_Menu\"\tGlobal | View | Behavior | Menu\t\tsubmenu\tDev | Menu\tstack \"Global_View_Behavior_Menu\"\tDev"},"Global | Module | Menu": {"mController": "stack \"/Users/BabyBlue/Desktop/git-repos/lcw_Tools/controllers/Global_Module_Menu.livecodescript\"","gMenuTable": "Edit Menu\tmenu_EditMenu subMenuPath, mTarget\tstack \"Global_Module_Menu\"\tGlobal | Module | Menu\tdisabled_EditMenu\tcustom submenu\tmenu_StackNames\tmenu_StackName\tEdit Menu\nCreate Module Menu\tmenu_CreateModuleMenu mTarget\tstack \"Global_Module_Menu\"\tGlobal | Module | Menu\t\t\t\t\tCreate Module Menu\nCreate Module Behavior\tmenu_CreateModuleBehavior mTarget\tstack \"Global_Module_Menu\"\tGlobal | Module | Menu\t\t\t\t\tCreate Module Behavior\n-\nReveal Module Folder\tmenu_RevealModuleFolder mTarget\tstack \"Global_Module_Menu\"\tGlobal | Module | Menu\t\t\t\t\tReveal Module Folder"},"Global | View | Card | Create | Menu": {"mController": "stack \"/Users/BabyBlue/Desktop/git-repos/lcw_Tools/controllers/Global_View_Card_Create_Menu.livecodescript\"","gMenuTable": "Create Group\tmenu_CreateGroup mTarget\tstack \"Global_View_Card_Create_Menu\"\tGlobal | View | Card | Create | Menu\tdisabled_CreateGroup\t\t\t\tCreate Group\nMake First Control A View\tmenu_MakeFirstControlAView mTarget\tstack \"Global_View_Card_Create_Menu\"\tGlobal | View | Card | Create | Menu\tdisabled_MakeFirstControlAView\t\t\t\tMake First Control A View"},"Global | Controllers | Tree | Line | Menu": {"mController": "stack \"/Users/BabyBlue/Desktop/git-repos/lcw_Tools/controllers/Global_Controllers_Tree_Line_Menu.livecodescript\"","gMenuTable": "Test Menu\tmenu_TestMenu mTarget\tstack \"Global_Controllers_Tree_Line_Menu\"\tGlobal | Controllers | Tree | Line | Menu\t\t\t\t\tTest Menu\nStack Properties\tmenu_StackProperties mTarget\tstack \"Global_Controllers_Tree_Line_Menu\"\tGlobal | Controllers | Tree | Line | Menu\t\t\t\t\tStack Properties\n-\nDelete Controller\tmenu_DeleteController mTarget\tstack \"Global_Controllers_Tree_Line_Menu\"\tGlobal | Controllers | Tree | Line | Menu\t\t\t\t\tDelete Controller\nReveal Folder\tmenu_RevealFolder mTarget\tstack \"Global_Controllers_Tree_Line_Menu\"\tGlobal | Controllers | Tree | Line | Menu\t\t\t\t\tReveal Folder\nMove Stack\tmenu_MoveStack subMenuPath, mTarget\tstack \"Global_Controllers_Tree_Line_Menu\"\tGlobal | Controllers | Tree | Line | Menu\t\tcustom submenu\tnew_ProjectNames\tnew_ProjectName\tMove Stack"},"Global | Script | Tree | Menu": {"mController": "stack \"/Users/BabyBlue/Desktop/git-repos/lcw_Tools/controllers/Global_Script_Tree_Menu.livecodescript\"","gMenuTable": "Reveal Stack\tmenu_RevealStack mTarget\tstack \"Global_Script_Tree_Menu\"\tGlobal | Script | Tree | Menu\t\t\t\t\tReveal Stack\n-\ninsert\t\tstack \"Global_Script_Tree_Menu\"\tGlobal | Script | Tree | Menu\t\tinsert\tGlobal | Stack | Menu\tstack \"Global_Stack_Menu\"\tinsert"},"Global | View | Script | Menu": {"mController": "stack \"/Users/BabyBlue/Desktop/git-repos/lcw_Tools/controllers/Global_View_Script_Menu.livecodescript\"","gMenuTable": "Imported Behaviors\tmenu_ImportedBehaviors subMenuPath, mTarget\tstack \"Global_View_Script_Menu\"\tGlobal | View | Script | Menu\t\tboolean\tsubmenu_Boolean\timported_Behaviors\tImported Behaviors\nExport Behaviors\tmenu_ExportBehaviors mTarget\tstack \"Global_View_Script_Menu\"\tGlobal | View | Script | Menu\t\t\t\t\tExport Behaviors\n-\nDisplay View Behaviors\tmenu_DisplayViewBehaviors mTarget\tstack \"Global_View_Script_Menu\"\tGlobal | View | Script | Menu\t\t\t\t\tDisplay View Behaviors\n-\nEdit View Script\tmenu_EditViewScript mTarget\tstack \"Global_View_Script_Menu\"\tGlobal | View | Script | Menu\tdisabled_EditViewScript\t\t\t\tEdit View Script\nEdit View Behavior\tmenu_EditViewBehavior mTarget\tstack \"Global_View_Script_Menu\"\tGlobal | View | Script | Menu\tdisabled_EditViewBehavior\t\t\t\tEdit View Behavior\nEdit Card Script\tmenu_EditCardScript mTarget\tstack \"Global_View_Script_Menu\"\tGlobal | View | Script | Menu\tdisabled_EditCardScript\t\t\t\tEdit Card Script\n-\nSet Module Behavior\tmenu_SetModuleBehavior mTarget\tstack \"Global_View_Script_Menu\"\tGlobal | View | Script | Menu\tdisabled_SetModuleBehavior\t\t\t\tSet Module Behavior\nEdit Module Behavior\tmenu_EditModuleBehavior mTarget\tstack \"Global_View_Script_Menu\"\tGlobal | View | Script | Menu\t\t\t\t\tEdit Module Behavior\n-\nEdit View Card Behavior\tmenu_EditViewCardBehavior mTarget\tstack \"Global_View_Script_Menu\"\tGlobal | View | Script | Menu\t\t\t\t\tEdit View Card Behavior\nSet View Card Behavior\tmenu_SetViewCardBehavior mTarget\tstack \"Global_View_Script_Menu\"\tGlobal | View | Script | Menu\tdisabled_SetViewCardBehavior\t\t\t\tSet View Card Behavior\n-\nGo To View\tmenu_GoToView mTarget\tstack \"Global_View_Script_Menu\"\tGlobal | View | Script | Menu\tdisabled_GoToView\t\t\t\tGo To View\nDev\t\tstack \"Global_View_Script_Menu\"\tGlobal | View | Script | Menu\t\tsubmenu\tDev | Menu\tstack \"Global_View_Script_Menu\"\tDev"}}}