{
  "UUID": "7976b6cf-6160-41b2-8a8e-bd95f78426e3",
  "class": "com.runrev.engine.stack",
  "customPropertySets": {
    "cREVGeneral": {
      "scalefactor": "1"
    }
  },
  "properties": {
    "altId": "0",
    "alwaysBuffer": "false",
    "behavior": "",
    "blendLevel": "0",
    "cantAbort": "false",
    "cantDelete": "false",
    "cantModify": "false",
    "colors": "\n\n\n\n\n\n\n",
    "decorations": "title,menu,minimize,maximize,close",
    "destroyStack": "false",
    "destroyWindow": "false",
    "dynamicPaths": "false",
    "formatForPrinting": "false",
    "hcAddressing": "false",
    "height": "492",
    "icon": "0",
    "iconic": "false",
    "linkColor": "",
    "linkHiliteColor": "",
    "linkVisitedColor": "",
    "liveresizing": "true",
    "maxHeight": "65535",
    "maxWidth": "65535",
    "menubar": "",
    "metal": "false",
    "minHeight": "32",
    "minWidth": "32",
    "name": "TPlcHTTPdTest",
    "passkey": "true",
    "password": "",
    "patterns": "\n\n\n\n\n\n\n",
    "resizable": "true",
    "scroll": "0",
    "shadow": "true",
    "startUpIconic": "false",
    "style": "toplevel",
    "textFont": "",
    "textSize": "",
    "textStyle": "",
    "title": "lcHTTP Test and Examples",
    "underlineLinks": "",
    "visible": "true",
    "width": "782",
    "windowManagerPlace": "false",
    "windowShape": "0"
  }
}