{
  "UUID": "37d83533-6f20-4ce6-ae8f-09adb5ce85d1",
  "class": "com.runrev.engine.field",
  "customPropertySets": {
    "cREVGeneral": {
      "revUniqueID": "1415125768390"
    },
    "cREVTable": {
      "currentview": "This button assigns a \"Router\" and a \"Middleware\" object\nto the server and then starts the server."
    }
  },
  "properties": {
    "altId": "0",
    "autoHilite": "false",
    "autoTab": "false",
    "behavior": "",
    "blendLevel": "0",
    "borderWidth": "2",
    "cantSelect": "false",
    "colors": "\n\n\n\n\n\n\n",
    "cursorMovement": "default",
    "disabled": "false",
    "dontSearch": "false",
    "dontWrap": "true",
    "firstIndent": "0",
    "fixedLineHeight": "true",
    "hGrid": "false",
    "hScroll": "0",
    "hScrollbar": "false",
    "hilitedLines": "",
    "htmlText": "<p>This button assigns a \"Router\" and a \"Middleware\" object</p>\n<p>to the server and then starts the server.</p>",
    "id": "1011",
    "ink": "srcCopy",
    "listBehavior": "false",
    "lockLoc": "false",
    "lockText": "true",
    "margins": "8",
    "multipleHilites": "false",
    "name": "Label Field",
    "noncontiguousHilites": "false",
    "opaque": "false",
    "patterns": "\n\n\n\n\n\n\n",
    "rect": "44,54,376,104",
    "scroll": "0",
    "scrollbarWidth": "20",
    "shadow": "false",
    "shadowOffset": "4",
    "sharedText": "true",
    "showBorder": "false",
    "showFocusBorder": "true",
    "showLines": "false",
    "style": "transparent",
    "tabAlign": "",
    "tabStops": "",
    "textAlign": "left",
    "textDirection": "auto",
    "textFont": "",
    "textHeight": "",
    "textSize": "",
    "textStyle": "",
    "threeD": "true",
    "threeDHilite": "false",
    "toggleHilites": "false",
    "toolTip": "",
    "traversalOn": "false",
    "vGrid": "false",
    "vScroll": "0",
    "vScrollbar": "false",
    "visible": "true"
  }
}